Acacia Boat	acacia_boat	blazeandcave:challenges/stack_all_the_items	1
Acacia Button	acacia_button	blazeandcave:challenges/stack_all_the_blocks	64
Acacia Chest Boat	acacia_chest_boat	blazeandcave:challenges/stack_all_the_items	1
Acacia Door	acacia_door	blazeandcave:challenges/stack_all_the_blocks	64
Acacia Fence	acacia_fence	blazeandcave:challenges/stack_all_the_blocks	64
Acacia Fence Gate	acacia_fence_gate	blazeandcave:challenges/stack_all_the_blocks	64
Acacia Hanging Sign	acacia_hanging_sign	blazeandcave:challenges/stack_all_the_blocks	16
Acacia Leaves	acacia_leaves	blazeandcave:challenges/stack_all_the_blocks	64
Acacia Log	acacia_log	blazeandcave:challenges/stack_all_the_blocks	64
Acacia Planks	acacia_planks	blazeandcave:challenges/stack_all_the_blocks	64
Acacia Pressure Plate	acacia_pressure_plate	blazeandcave:challenges/stack_all_the_blocks	64
Acacia Sapling	acacia_sapling	blazeandcave:challenges/stack_all_the_blocks	64
Acacia Sign	acacia_sign	blazeandcave:challenges/stack_all_the_blocks	16
Acacia Slab	acacia_slab	blazeandcave:challenges/stack_all_the_blocks	64
Acacia Stairs	acacia_stairs	blazeandcave:challenges/stack_all_the_blocks	64
Acacia Trapdoor	acacia_trapdoor	blazeandcave:challenges/stack_all_the_blocks	64
Acacia Wood	acacia_wood	blazeandcave:challenges/stack_all_the_blocks	64
Activator Rail	activator_rail	blazeandcave:challenges/stack_all_the_blocks	64
Allium	allium	blazeandcave:challenges/stack_all_the_blocks	64
Amethyst Block	amethyst_block	blazeandcave:challenges/stack_all_the_blocks	64
Amethyst Cluster	amethyst_cluster	blazeandcave:challenges/stack_all_the_blocks	64
Amethyst Shard	amethyst_shard	blazeandcave:challenges/stack_all_the_items	64
Ancient Debris	ancient_debris	blazeandcave:challenges/stack_all_the_blocks	64
Andesite	andesite	blazeandcave:challenges/stack_all_the_blocks	64
Andesite Slab	andesite_slab	blazeandcave:challenges/stack_all_the_blocks	64
Andesite Stairs	andesite_stairs	blazeandcave:challenges/stack_all_the_blocks	64
Andesite Wall	andesite_wall	blazeandcave:challenges/stack_all_the_blocks	64
Angler Pottery Sherd	angler_pottery_sherd	blazeandcave:challenges/all_the_items	1
Anvil	anvil	blazeandcave:challenges/stack_all_the_blocks	64
Apple	apple	blazeandcave:challenges/stack_all_the_items	64
Archer Pottery Sherd	archer_pottery_sherd	blazeandcave:challenges/all_the_items	1
Armadillo Scute	armadillo_scute	blazeandcave:challenges/stack_all_the_items	64
Armor Stand	armor_stand	blazeandcave:challenges/stack_all_the_items	16
Arms Up Pottery Sherd	arms_up_pottery_sherd	blazeandcave:challenges/all_the_items	1
Arrow	arrow	blazeandcave:challenges/stack_all_the_items	64
Axolotl Bucket	axolotl_bucket	blazeandcave:challenges/stack_all_the_items	1
Azalea	azalea	blazeandcave:challenges/stack_all_the_blocks	64
Azalea Leaves	azalea_leaves	blazeandcave:challenges/stack_all_the_blocks	64
Azure Bluet	azure_bluet	blazeandcave:challenges/stack_all_the_blocks	64
Baked Potato	baked_potato	blazeandcave:challenges/stack_all_the_items	64
Bamboo	bamboo	blazeandcave:challenges/stack_all_the_blocks	64
Bamboo Block	bamboo_block	blazeandcave:challenges/stack_all_the_blocks	64
Bamboo Button	bamboo_button	blazeandcave:challenges/stack_all_the_blocks	64
Bamboo Chest Raft	bamboo_chest_raft	blazeandcave:challenges/stack_all_the_items	1
Bamboo Door	bamboo_door	blazeandcave:challenges/stack_all_the_blocks	64
Bamboo Fence	bamboo_fence	blazeandcave:challenges/stack_all_the_blocks	64
Bamboo Fence Gate	bamboo_fence_gate	blazeandcave:challenges/stack_all_the_blocks	64
Bamboo Hanging Sign	bamboo_hanging_sign	blazeandcave:challenges/stack_all_the_blocks	16
Bamboo Mosaic	bamboo_mosaic	blazeandcave:challenges/stack_all_the_blocks	64
Bamboo Mosaic Slab	bamboo_mosaic_slab	blazeandcave:challenges/stack_all_the_blocks	64
Bamboo Mosaic Stairs	bamboo_mosaic_stairs	blazeandcave:challenges/stack_all_the_blocks	64
Bamboo Planks	bamboo_planks	blazeandcave:challenges/stack_all_the_blocks	64
Bamboo Pressure Plate	bamboo_pressure_plate	blazeandcave:challenges/stack_all_the_blocks	64
Bamboo Raft	bamboo_raft	blazeandcave:challenges/stack_all_the_items	1
Bamboo Sign	bamboo_sign	blazeandcave:challenges/stack_all_the_blocks	16
Bamboo Slab	bamboo_slab	blazeandcave:challenges/stack_all_the_blocks	64
Bamboo Stairs	bamboo_stairs	blazeandcave:challenges/stack_all_the_blocks	64
Bamboo Trapdoor	bamboo_trapdoor	blazeandcave:challenges/stack_all_the_blocks	64
Barrel	barrel	blazeandcave:challenges/stack_all_the_blocks	64
Basalt	basalt	blazeandcave:challenges/stack_all_the_blocks	64
Beacon	beacon	blazeandcave:challenges/stack_all_the_blocks	64
Bee Nest	bee_nest	blazeandcave:challenges/stack_all_the_blocks	64
Beef	beef	blazeandcave:challenges/stack_all_the_items	64
Beehive	beehive	blazeandcave:challenges/stack_all_the_blocks	64
Beetroot	beetroot	blazeandcave:challenges/stack_all_the_items	64
Beetroot Seeds	beetroot_seeds	blazeandcave:challenges/stack_all_the_items	64
Beetroot Soup	beetroot_soup	blazeandcave:challenges/stack_all_the_items	1
Bell	bell	blazeandcave:challenges/stack_all_the_blocks	64
Big Dripleaf	big_dripleaf	blazeandcave:challenges/stack_all_the_blocks	64
Birch Boat	birch_boat	blazeandcave:challenges/stack_all_the_items	1
Birch Button	birch_button	blazeandcave:challenges/stack_all_the_blocks	64
Birch Chest Boat	birch_chest_boat	blazeandcave:challenges/stack_all_the_items	1
Birch Door	birch_door	blazeandcave:challenges/stack_all_the_blocks	64
Birch Fence	birch_fence	blazeandcave:challenges/stack_all_the_blocks	64
Birch Fence Gate	birch_fence_gate	blazeandcave:challenges/stack_all_the_blocks	64
Birch Hanging Sign	birch_hanging_sign	blazeandcave:challenges/stack_all_the_blocks	16
Birch Leaves	birch_leaves	blazeandcave:challenges/stack_all_the_blocks	64
Birch Log	birch_log	blazeandcave:challenges/stack_all_the_blocks	64
Birch Planks	birch_planks	blazeandcave:challenges/stack_all_the_blocks	64
Birch Pressure Plate	birch_pressure_plate	blazeandcave:challenges/stack_all_the_blocks	64
Birch Sapling	birch_sapling	blazeandcave:challenges/stack_all_the_blocks	64
Birch Sign	birch_sign	blazeandcave:challenges/stack_all_the_blocks	16
Birch Slab	birch_slab	blazeandcave:challenges/stack_all_the_blocks	64
Birch Stairs	birch_stairs	blazeandcave:challenges/stack_all_the_blocks	64
Birch Trapdoor	birch_trapdoor	blazeandcave:challenges/stack_all_the_blocks	64
Birch Wood	birch_wood	blazeandcave:challenges/stack_all_the_blocks	64
Black Banner	black_banner	blazeandcave:challenges/stack_all_the_blocks	16
Black Bed	black_bed	blazeandcave:challenges/stack_all_the_blocks	1
Black Candle	black_candle	blazeandcave:challenges/stack_all_the_blocks	64
Black Carpet	black_carpet	blazeandcave:challenges/stack_all_the_blocks	64
Black Concrete	black_concrete	blazeandcave:challenges/stack_all_the_blocks	64
Black Concrete Powder	black_concrete_powder	blazeandcave:challenges/stack_all_the_blocks	64
Black Dye	black_dye	blazeandcave:challenges/stack_all_the_items	64
Black Glazed Terracotta	black_glazed_terracotta	blazeandcave:challenges/stack_all_the_blocks	64
Black Shulker Box	black_shulker_box	blazeandcave:challenges/stack_all_the_blocks	1
Black Stained Glass	black_stained_glass	blazeandcave:challenges/stack_all_the_blocks	64
Black Stained Glass Pane	black_stained_glass_pane	blazeandcave:challenges/stack_all_the_blocks	64
Black Terracotta	black_terracotta	blazeandcave:challenges/stack_all_the_blocks	64
Black Wool	black_wool	blazeandcave:challenges/stack_all_the_blocks	64
Blackstone	blackstone	blazeandcave:challenges/stack_all_the_blocks	64
Blackstone Slab	blackstone_slab	blazeandcave:challenges/stack_all_the_blocks	64
Blackstone Stairs	blackstone_stairs	blazeandcave:challenges/stack_all_the_blocks	64
Blackstone Wall	blackstone_wall	blazeandcave:challenges/stack_all_the_blocks	64
Blade Pottery Sherd	blade_pottery_sherd	blazeandcave:challenges/all_the_items	1
Blast Furnace	blast_furnace	blazeandcave:challenges/stack_all_the_blocks	64
Blaze Powder	blaze_powder	blazeandcave:challenges/stack_all_the_items	64
Blaze Rod	blaze_rod	blazeandcave:challenges/stack_all_the_items	64
Blue Banner	blue_banner	blazeandcave:challenges/stack_all_the_blocks	16
Blue Bed	blue_bed	blazeandcave:challenges/stack_all_the_blocks	1
Blue Candle	blue_candle	blazeandcave:challenges/stack_all_the_blocks	64
Blue Carpet	blue_carpet	blazeandcave:challenges/stack_all_the_blocks	64
Blue Concrete	blue_concrete	blazeandcave:challenges/stack_all_the_blocks	64
Blue Concrete Powder	blue_concrete_powder	blazeandcave:challenges/stack_all_the_blocks	64
Blue Dye	blue_dye	blazeandcave:challenges/stack_all_the_items	64
Blue Glazed Terracotta	blue_glazed_terracotta	blazeandcave:challenges/stack_all_the_blocks	64
Blue Ice	blue_ice	blazeandcave:challenges/stack_all_the_blocks	64
Blue Orchid	blue_orchid	blazeandcave:challenges/stack_all_the_blocks	64
Blue Shulker Box	blue_shulker_box	blazeandcave:challenges/stack_all_the_blocks	1
Blue Stained Glass	blue_stained_glass	blazeandcave:challenges/stack_all_the_blocks	64
Blue Stained Glass Pane	blue_stained_glass_pane	blazeandcave:challenges/stack_all_the_blocks	64
Blue Terracotta	blue_terracotta	blazeandcave:challenges/stack_all_the_blocks	64
Blue Wool	blue_wool	blazeandcave:challenges/stack_all_the_blocks	64
Bolt Armor Trim Smithing Template	bolt_armor_trim_smithing_template	blazeandcave:challenges/all_the_items	1
Bone	bone	blazeandcave:challenges/stack_all_the_items	64
Bone Block	bone_block	blazeandcave:challenges/stack_all_the_blocks	64
Bone Meal	bone_meal	blazeandcave:challenges/stack_all_the_items	64
Book	book	blazeandcave:challenges/stack_all_the_items	64
Bookshelf	bookshelf	blazeandcave:challenges/stack_all_the_blocks	64
Bow	bow	blazeandcave:challenges/stack_all_the_items	1
Bowl	bowl	blazeandcave:challenges/stack_all_the_items	64
Brain Coral	brain_coral	blazeandcave:challenges/stack_all_the_blocks	64
Brain Coral Block	brain_coral_block	blazeandcave:challenges/stack_all_the_blocks	64
Brain Coral Fan	brain_coral_fan	blazeandcave:challenges/stack_all_the_blocks	64
Bread	bread	blazeandcave:challenges/stack_all_the_items	64
Breeze Rod	breeze_rod	blazeandcave:challenges/stack_all_the_items	64
Brewer Pottery Sherd	brewer_pottery_sherd	blazeandcave:challenges/all_the_items	1
Brewing Stand	brewing_stand	blazeandcave:challenges/stack_all_the_blocks	64
Brick	brick	blazeandcave:challenges/stack_all_the_items	64
Brick Slab	brick_slab	blazeandcave:challenges/stack_all_the_blocks	64
Brick Stairs	brick_stairs	blazeandcave:challenges/stack_all_the_blocks	64
Brick Wall	brick_wall	blazeandcave:challenges/stack_all_the_blocks	64
Bricks	bricks	blazeandcave:challenges/stack_all_the_blocks	64
Brown Banner	brown_banner	blazeandcave:challenges/stack_all_the_blocks	16
Brown Bed	brown_bed	blazeandcave:challenges/stack_all_the_blocks	1
Brown Candle	brown_candle	blazeandcave:challenges/stack_all_the_blocks	64
Brown Carpet	brown_carpet	blazeandcave:challenges/stack_all_the_blocks	64
Brown Concrete	brown_concrete	blazeandcave:challenges/stack_all_the_blocks	64
Brown Concrete Powder	brown_concrete_powder	blazeandcave:challenges/stack_all_the_blocks	64
Brown Dye	brown_dye	blazeandcave:challenges/stack_all_the_items	64
Brown Glazed Terracotta	brown_glazed_terracotta	blazeandcave:challenges/stack_all_the_blocks	64
Brown Mushroom	brown_mushroom	blazeandcave:challenges/stack_all_the_blocks	64
Brown Mushroom Block	brown_mushroom_block	blazeandcave:challenges/stack_all_the_blocks	64
Brown Shulker Box	brown_shulker_box	blazeandcave:challenges/stack_all_the_blocks	1
Brown Stained Glass	brown_stained_glass	blazeandcave:challenges/stack_all_the_blocks	64
Brown Stained Glass Pane	brown_stained_glass_pane	blazeandcave:challenges/stack_all_the_blocks	64
Brown Terracotta	brown_terracotta	blazeandcave:challenges/stack_all_the_blocks	64
Brown Wool	brown_wool	blazeandcave:challenges/stack_all_the_blocks	64
Brush	brush	blazeandcave:challenges/stack_all_the_items	1
Bubble Coral	bubble_coral	blazeandcave:challenges/stack_all_the_blocks	64
Bubble Coral Block	bubble_coral_block	blazeandcave:challenges/stack_all_the_blocks	64
Bubble Coral Fan	bubble_coral_fan	blazeandcave:challenges/stack_all_the_blocks	64
Bucket	bucket	blazeandcave:challenges/stack_all_the_items	16
Burn Pottery Sherd	burn_pottery_sherd	blazeandcave:challenges/all_the_items	1
Cactus	cactus	blazeandcave:challenges/stack_all_the_blocks	64
Cake	cake	blazeandcave:challenges/stack_all_the_blocks	1
Calcite	calcite	blazeandcave:challenges/stack_all_the_blocks	64
Calibrated Sculk Sensor	calibrated_sculk_sensor	blazeandcave:challenges/stack_all_the_blocks	64
Campfire	campfire	blazeandcave:challenges/stack_all_the_blocks	64
Candle	candle	blazeandcave:challenges/stack_all_the_blocks	64
Carrot	carrot	blazeandcave:challenges/stack_all_the_items	64
Carrot On A Stick	carrot_on_a_stick	blazeandcave:challenges/stack_all_the_items	1
Cartography Table	cartography_table	blazeandcave:challenges/stack_all_the_blocks	64
Carved Pumpkin	carved_pumpkin	blazeandcave:challenges/stack_all_the_blocks	64
Cauldron	cauldron	blazeandcave:challenges/stack_all_the_blocks	64
Chain	chain	blazeandcave:challenges/stack_all_the_blocks	64
Chainmail Boots	chainmail_boots	blazeandcave:challenges/stack_all_the_items	1
Chainmail Chestplate	chainmail_chestplate	blazeandcave:challenges/stack_all_the_items	1
Chainmail Helmet	chainmail_helmet	blazeandcave:challenges/stack_all_the_items	1
Chainmail Leggings	chainmail_leggings	blazeandcave:challenges/stack_all_the_items	1
Charcoal	charcoal	blazeandcave:challenges/stack_all_the_items	64
Cherry Boat	cherry_boat	blazeandcave:challenges/stack_all_the_items	1
Cherry Button	cherry_button	blazeandcave:challenges/stack_all_the_blocks	64
Cherry Chest Boat	cherry_chest_boat	blazeandcave:challenges/stack_all_the_items	1
Cherry Door	cherry_door	blazeandcave:challenges/stack_all_the_blocks	64
Cherry Fence	cherry_fence	blazeandcave:challenges/stack_all_the_blocks	64
Cherry Fence Gate	cherry_fence_gate	blazeandcave:challenges/stack_all_the_blocks	64
Cherry Hanging Sign	cherry_hanging_sign	blazeandcave:challenges/stack_all_the_blocks	16
Cherry Leaves	cherry_leaves	blazeandcave:challenges/stack_all_the_blocks	64
Cherry Log	cherry_log	blazeandcave:challenges/stack_all_the_blocks	64
Cherry Planks	cherry_planks	blazeandcave:challenges/stack_all_the_blocks	64
Cherry Pressure Plate	cherry_pressure_plate	blazeandcave:challenges/stack_all_the_blocks	64
Cherry Sapling	cherry_sapling	blazeandcave:challenges/stack_all_the_blocks	64
Cherry Sign	cherry_sign	blazeandcave:challenges/stack_all_the_blocks	16
Cherry Slab	cherry_slab	blazeandcave:challenges/stack_all_the_blocks	64
Cherry Stairs	cherry_stairs	blazeandcave:challenges/stack_all_the_blocks	64
Cherry Trapdoor	cherry_trapdoor	blazeandcave:challenges/stack_all_the_blocks	64
Cherry Wood	cherry_wood	blazeandcave:challenges/stack_all_the_blocks	64
Chest	chest	blazeandcave:challenges/stack_all_the_blocks	64
Chest Minecart	chest_minecart	blazeandcave:challenges/stack_all_the_items	1
Chicken	chicken	blazeandcave:challenges/stack_all_the_items	64
Chipped Anvil	chipped_anvil	blazeandcave:challenges/stack_all_the_blocks	64
Chiseled Bookshelf	chiseled_bookshelf	blazeandcave:challenges/stack_all_the_blocks	64
Chiseled Copper	chiseled_copper	blazeandcave:challenges/stack_all_the_blocks	64
Chiseled Deepslate	chiseled_deepslate	blazeandcave:challenges/stack_all_the_blocks	64
Chiseled Nether Bricks	chiseled_nether_bricks	blazeandcave:challenges/stack_all_the_blocks	64
Chiseled Polished Blackstone	chiseled_polished_blackstone	blazeandcave:challenges/stack_all_the_blocks	64
Chiseled Quartz Block	chiseled_quartz_block	blazeandcave:challenges/stack_all_the_blocks	64
Chiseled Red Sandstone	chiseled_red_sandstone	blazeandcave:challenges/stack_all_the_blocks	64
Chiseled Sandstone	chiseled_sandstone	blazeandcave:challenges/stack_all_the_blocks	64
Chiseled Stone Bricks	chiseled_stone_bricks	blazeandcave:challenges/stack_all_the_blocks	64
Chiseled Tuff	chiseled_tuff	blazeandcave:challenges/stack_all_the_blocks	64
Chiseled Tuff Bricks	chiseled_tuff_bricks	blazeandcave:challenges/stack_all_the_blocks	64
Chorus Flower	chorus_flower	blazeandcave:challenges/stack_all_the_blocks	64
Chorus Fruit	chorus_fruit	blazeandcave:challenges/stack_all_the_items	64
Clay	clay	blazeandcave:challenges/stack_all_the_blocks	64
Clay Ball	clay_ball	blazeandcave:challenges/stack_all_the_items	64
Clock	clock	blazeandcave:challenges/stack_all_the_items	64
Coal	coal	blazeandcave:challenges/stack_all_the_items	64
Coal Block	coal_block	blazeandcave:challenges/stack_all_the_blocks	64
Coal Ore	coal_ore	blazeandcave:challenges/stack_all_the_blocks	64
Coarse Dirt	coarse_dirt	blazeandcave:challenges/stack_all_the_blocks	64
Coast Armor Trim	coast_armor_trim	blazeandcave:challenges/all_the_items	1
Cobbled Deepslate	cobbled_deepslate	blazeandcave:challenges/stack_all_the_blocks	64
Cobbled Deepslate Slab	cobbled_deepslate_slab	blazeandcave:challenges/stack_all_the_blocks	64
Cobbled Deepslate Stairs	cobbled_deepslate_stairs	blazeandcave:challenges/stack_all_the_blocks	64
Cobbled Deepslate Wall	cobbled_deepslate_wall	blazeandcave:challenges/stack_all_the_blocks	64
Cobblestone	cobblestone	blazeandcave:challenges/stack_all_the_blocks	64
Cobblestone Slab	cobblestone_slab	blazeandcave:challenges/stack_all_the_blocks	64
Cobblestone Stairs	cobblestone_stairs	blazeandcave:challenges/stack_all_the_blocks	64
Cobblestone Wall	cobblestone_wall	blazeandcave:challenges/stack_all_the_blocks	64
Cobweb	cobweb	blazeandcave:challenges/stack_all_the_blocks	64
Cocoa Beans	cocoa_beans	blazeandcave:challenges/stack_all_the_items	64
Cod	cod	blazeandcave:challenges/stack_all_the_items	64
Cod Bucket	cod_bucket	blazeandcave:challenges/stack_all_the_items	1
Comparator	comparator	blazeandcave:challenges/stack_all_the_blocks	64
Compass	compass	blazeandcave:challenges/stack_all_the_items	64
Composter	composter	blazeandcave:challenges/stack_all_the_blocks	64
Conduit	conduit	blazeandcave:challenges/stack_all_the_blocks	64
Cooked Beef	cooked_beef	blazeandcave:challenges/stack_all_the_items	64
Cooked Chicken	cooked_chicken	blazeandcave:challenges/stack_all_the_items	64
Cooked Cod	cooked_cod	blazeandcave:challenges/stack_all_the_items	64
Cooked Mutton	cooked_mutton	blazeandcave:challenges/stack_all_the_items	64
Cooked Porkchop	cooked_porkchop	blazeandcave:challenges/stack_all_the_items	64
Cooked Rabbit	cooked_rabbit	blazeandcave:challenges/stack_all_the_items	64
Cooked Salmon	cooked_salmon	blazeandcave:challenges/stack_all_the_items	64
Cookie	cookie	blazeandcave:challenges/stack_all_the_items	64
Copper Block	copper_block	blazeandcave:challenges/stack_all_the_blocks	64
Copper Bulb	copper_bulb	blazeandcave:challenges/stack_all_the_blocks	64
Copper Door	copper_door	blazeandcave:challenges/stack_all_the_blocks	64
Copper Grate	copper_grate	blazeandcave:challenges/stack_all_the_blocks	64
Copper Ingot	copper_ingot	blazeandcave:challenges/stack_all_the_items	64
Copper Ore	copper_ore	blazeandcave:challenges/stack_all_the_blocks	64
Copper Trapdoor	copper_trapdoor	blazeandcave:challenges/stack_all_the_blocks	64
Cornflower	cornflower	blazeandcave:challenges/stack_all_the_blocks	64
Cracked Deepslate Bricks	cracked_deepslate_bricks	blazeandcave:challenges/stack_all_the_blocks	64
Cracked Deepslate Tiles	cracked_deepslate_tiles	blazeandcave:challenges/stack_all_the_blocks	64
Cracked Nether Bricks	cracked_nether_bricks	blazeandcave:challenges/stack_all_the_blocks	64
Cracked Polished Blackstone Bricks	cracked_polished_blackstone_bricks	blazeandcave:challenges/stack_all_the_blocks	64
Cracked Stone Bricks	cracked_stone_bricks	blazeandcave:challenges/stack_all_the_blocks	64
Crafter	crafter	blazeandcave:challenges/stack_all_the_blocks	64
Crafting Table	crafting_table	blazeandcave:challenges/stack_all_the_blocks	64
Creeper Banner Pattern	creeper_banner_pattern	blazeandcave:challenges/stack_all_the_items	1
Creeper Head	creeper_head	blazeandcave:challenges/stack_all_the_blocks	64
Crimson Button	crimson_button	blazeandcave:challenges/stack_all_the_blocks	64
Crimson Door	crimson_door	blazeandcave:challenges/stack_all_the_blocks	64
Crimson Fence	crimson_fence	blazeandcave:challenges/stack_all_the_blocks	64
Crimson Fence Gate	crimson_fence_gate	blazeandcave:challenges/stack_all_the_blocks	64
Crimson Fungus	crimson_fungus	blazeandcave:challenges/stack_all_the_blocks	64
Crimson Hanging Sign	crimson_hanging_sign	blazeandcave:challenges/stack_all_the_blocks	16
Crimson Hyphae	crimson_hyphae	blazeandcave:challenges/stack_all_the_blocks	64
Crimson Nylium	crimson_nylium	blazeandcave:challenges/stack_all_the_blocks	64
Crimson Planks	crimson_planks	blazeandcave:challenges/stack_all_the_blocks	64
Crimson Pressure Plate	crimson_pressure_plate	blazeandcave:challenges/stack_all_the_blocks	64
Crimson Roots	crimson_roots	blazeandcave:challenges/stack_all_the_blocks	64
Crimson Sign	crimson_sign	blazeandcave:challenges/stack_all_the_blocks	16
Crimson Slab	crimson_slab	blazeandcave:challenges/stack_all_the_blocks	64
Crimson Stairs	crimson_stairs	blazeandcave:challenges/stack_all_the_blocks	64
Crimson Stem	crimson_stem	blazeandcave:challenges/stack_all_the_blocks	64
Crimson Trapdoor	crimson_trapdoor	blazeandcave:challenges/stack_all_the_blocks	64
Crossbow	crossbow	blazeandcave:challenges/stack_all_the_items	1
Crying Obsidian	crying_obsidian	blazeandcave:challenges/stack_all_the_blocks	64
Cut Copper	cut_copper	blazeandcave:challenges/stack_all_the_blocks	64
Cut Copper Slab	cut_copper_slab	blazeandcave:challenges/stack_all_the_blocks	64
Cut Copper Stairs	cut_copper_stairs	blazeandcave:challenges/stack_all_the_blocks	64
Cut Red Sandstone	cut_red_sandstone	blazeandcave:challenges/stack_all_the_blocks	64
Cut Red Sandstone Slab	cut_red_sandstone_slab	blazeandcave:challenges/stack_all_the_blocks	64
Cut Sandstone	cut_sandstone	blazeandcave:challenges/stack_all_the_blocks	64
Cut Sandstone Slab	cut_sandstone_slab	blazeandcave:challenges/stack_all_the_blocks	64
Cyan Banner	cyan_banner	blazeandcave:challenges/stack_all_the_blocks	16
Cyan Bed	cyan_bed	blazeandcave:challenges/stack_all_the_blocks	1
Cyan Candle	cyan_candle	blazeandcave:challenges/stack_all_the_blocks	64
Cyan Carpet	cyan_carpet	blazeandcave:challenges/stack_all_the_blocks	64
Cyan Concrete	cyan_concrete	blazeandcave:challenges/stack_all_the_blocks	64
Cyan Concrete Powder	cyan_concrete_powder	blazeandcave:challenges/stack_all_the_blocks	64
Cyan Dye	cyan_dye	blazeandcave:challenges/stack_all_the_items	64
Cyan Glazed Terracotta	cyan_glazed_terracotta	blazeandcave:challenges/stack_all_the_blocks	64
Cyan Shulker Box	cyan_shulker_box	blazeandcave:challenges/stack_all_the_blocks	1
Cyan Stained Glass	cyan_stained_glass	blazeandcave:challenges/stack_all_the_blocks	64
Cyan Stained Glass Pane	cyan_stained_glass_pane	blazeandcave:challenges/stack_all_the_blocks	64
Cyan Terracotta	cyan_terracotta	blazeandcave:challenges/stack_all_the_blocks	64
Cyan Wool	cyan_wool	blazeandcave:challenges/stack_all_the_blocks	64
Damaged Anvil	damaged_anvil	blazeandcave:challenges/stack_all_the_blocks	64
Dandelion	dandelion	blazeandcave:challenges/stack_all_the_blocks	64
Danger Pottery Sherd	danger_pottery_sherd	blazeandcave:challenges/all_the_items	1
Dark Oak Boat	dark_oak_boat	blazeandcave:challenges/stack_all_the_items	1
Dark Oak Button	dark_oak_button	blazeandcave:challenges/stack_all_the_blocks	64
Dark Oak Chest Boat	dark_oak_chest_boat	blazeandcave:challenges/stack_all_the_items	1
Dark Oak Door	dark_oak_door	blazeandcave:challenges/stack_all_the_blocks	64
Dark Oak Fence	dark_oak_fence	blazeandcave:challenges/stack_all_the_blocks	64
Dark Oak Fence Gate	dark_oak_fence_gate	blazeandcave:challenges/stack_all_the_blocks	64
Dark Oak Hanging Sign	dark_oak_hanging_sign	blazeandcave:challenges/stack_all_the_blocks	16
Dark Oak Leaves	dark_oak_leaves	blazeandcave:challenges/stack_all_the_blocks	64
Dark Oak Log	dark_oak_log	blazeandcave:challenges/stack_all_the_blocks	64
Dark Oak Planks	dark_oak_planks	blazeandcave:challenges/stack_all_the_blocks	64
Dark Oak Pressure Plate	dark_oak_pressure_plate	blazeandcave:challenges/stack_all_the_blocks	64
Dark Oak Sapling	dark_oak_sapling	blazeandcave:challenges/stack_all_the_blocks	64
Dark Oak Sign	dark_oak_sign	blazeandcave:challenges/stack_all_the_blocks	16
Dark Oak Slab	dark_oak_slab	blazeandcave:challenges/stack_all_the_blocks	64
Dark Oak Stairs	dark_oak_stairs	blazeandcave:challenges/stack_all_the_blocks	64
Dark Oak Trapdoor	dark_oak_trapdoor	blazeandcave:challenges/stack_all_the_blocks	64
Dark Oak Wood	dark_oak_wood	blazeandcave:challenges/stack_all_the_blocks	64
Dark Prismarine	dark_prismarine	blazeandcave:challenges/stack_all_the_blocks	64
Dark Prismarine Slab	dark_prismarine_slab	blazeandcave:challenges/stack_all_the_blocks	64
Dark Prismarine Stairs	dark_prismarine_stairs	blazeandcave:challenges/stack_all_the_blocks	64
Daylight Detector	daylight_detector	blazeandcave:challenges/stack_all_the_blocks	64
Dead Brain Coral	dead_brain_coral	blazeandcave:challenges/stack_all_the_blocks	64
Dead Brain Coral Block	dead_brain_coral_block	blazeandcave:challenges/stack_all_the_blocks	64
Dead Brain Coral Fan	dead_brain_coral_fan	blazeandcave:challenges/stack_all_the_blocks	64
Dead Bubble Coral	dead_bubble_coral	blazeandcave:challenges/stack_all_the_blocks	64
Dead Bubble Coral Block	dead_bubble_coral_block	blazeandcave:challenges/stack_all_the_blocks	64
Dead Bubble Coral Fan	dead_bubble_coral_fan	blazeandcave:challenges/stack_all_the_blocks	64
Dead Bush	dead_bush	blazeandcave:challenges/stack_all_the_blocks	64
Dead Fire Coral	dead_fire_coral	blazeandcave:challenges/stack_all_the_blocks	64
Dead Fire Coral Block	dead_fire_coral_block	blazeandcave:challenges/stack_all_the_blocks	64
Dead Fire Coral Fan	dead_fire_coral_fan	blazeandcave:challenges/stack_all_the_blocks	64
Dead Horn Coral	dead_horn_coral	blazeandcave:challenges/stack_all_the_blocks	64
Dead Horn Coral Block	dead_horn_coral_block	blazeandcave:challenges/stack_all_the_blocks	64
Dead Horn Coral Fan	dead_horn_coral_fan	blazeandcave:challenges/stack_all_the_blocks	64
Dead Tube Coral	dead_tube_coral	blazeandcave:challenges/stack_all_the_blocks	64
Dead Tube Coral Block	dead_tube_coral_block	blazeandcave:challenges/stack_all_the_blocks	64
Dead Tube Coral Fan	dead_tube_coral_fan	blazeandcave:challenges/stack_all_the_blocks	64
Decorated Pot	decorated_pot	blazeandcave:challenges/stack_all_the_blocks	64
Deepslate	deepslate	blazeandcave:challenges/stack_all_the_blocks	64
Deepslate Brick Slab	deepslate_brick_slab	blazeandcave:challenges/stack_all_the_blocks	64
Deepslate Brick Stairs	deepslate_brick_stairs	blazeandcave:challenges/stack_all_the_blocks	64
Deepslate Brick Wall	deepslate_brick_wall	blazeandcave:challenges/stack_all_the_blocks	64
Deepslate Bricks	deepslate_bricks	blazeandcave:challenges/stack_all_the_blocks	64
Deepslate Coal Ore	deepslate_coal_ore	blazeandcave:challenges/stack_all_the_blocks	64
Deepslate Copper Ore	deepslate_copper_ore	blazeandcave:challenges/stack_all_the_blocks	64
Deepslate Diamond Ore	deepslate_diamond_ore	blazeandcave:challenges/stack_all_the_blocks	64
Deepslate Emerald Ore	deepslate_emerald_ore	blazeandcave:challenges/all_the_blocks	1
Deepslate Gold Ore	deepslate_gold_ore	blazeandcave:challenges/stack_all_the_blocks	64
Deepslate Iron Ore	deepslate_iron_ore	blazeandcave:challenges/stack_all_the_blocks	64
Deepslate Lapis Ore	deepslate_lapis_ore	blazeandcave:challenges/stack_all_the_blocks	64
Deepslate Redstone Ore	deepslate_redstone_ore	blazeandcave:challenges/stack_all_the_blocks	64
Deepslate Tile Slab	deepslate_tile_slab	blazeandcave:challenges/stack_all_the_blocks	64
Deepslate Tile Stairs	deepslate_tile_stairs	blazeandcave:challenges/stack_all_the_blocks	64
Deepslate Tile Wall	deepslate_tile_wall	blazeandcave:challenges/stack_all_the_blocks	64
Deepslate Tiles	deepslate_tiles	blazeandcave:challenges/stack_all_the_blocks	64
Detector Rail	detector_rail	blazeandcave:challenges/stack_all_the_blocks	64
Diamond	diamond	blazeandcave:challenges/stack_all_the_items	64
Diamond Axe	diamond_axe	blazeandcave:challenges/stack_all_the_items	1
Diamond Block	diamond_block	blazeandcave:challenges/stack_all_the_blocks	64
Diamond Boots	diamond_boots	blazeandcave:challenges/stack_all_the_items	1
Diamond Chestplate	diamond_chestplate	blazeandcave:challenges/stack_all_the_items	1
Diamond Helmet	diamond_helmet	blazeandcave:challenges/stack_all_the_items	1
Diamond Hoe	diamond_hoe	blazeandcave:challenges/stack_all_the_items	1
Diamond Horse Armor	diamond_horse_armor	blazeandcave:challenges/stack_all_the_items	1
Diamond Leggings	diamond_leggings	blazeandcave:challenges/stack_all_the_items	1
Diamond Ore	diamond_ore	blazeandcave:challenges/stack_all_the_blocks	64
Diamond Pickaxe	diamond_pickaxe	blazeandcave:challenges/stack_all_the_items	1
Diamond Shovel	diamond_shovel	blazeandcave:challenges/stack_all_the_items	1
Diamond Sword	diamond_sword	blazeandcave:challenges/stack_all_the_items	1
Diorite	diorite	blazeandcave:challenges/stack_all_the_blocks	64
Diorite Slab	diorite_slab	blazeandcave:challenges/stack_all_the_blocks	64
Diorite Stairs	diorite_stairs	blazeandcave:challenges/stack_all_the_blocks	64
Diorite Wall	diorite_wall	blazeandcave:challenges/stack_all_the_blocks	64
Dirt	dirt	blazeandcave:challenges/stack_all_the_blocks	64
Disc Fragment 5	disc_fragment_5	blazeandcave:challenges/stack_all_the_items	64
Dispenser	dispenser	blazeandcave:challenges/stack_all_the_blocks	64
Dragon Breath	dragon_breath	blazeandcave:challenges/stack_all_the_items	64
Dragon Egg	dragon_egg	blazeandcave:challenges/all_the_blocks	1
Dragon Head	dragon_head	blazeandcave:challenges/stack_all_the_blocks	64
Dried Kelp	dried_kelp	blazeandcave:challenges/stack_all_the_items	64
Dried Kelp Block	dried_kelp_block	blazeandcave:challenges/stack_all_the_blocks	64
Dripstone Block	dripstone_block	blazeandcave:challenges/stack_all_the_blocks	64
Dropper	dropper	blazeandcave:challenges/stack_all_the_blocks	64
Dune Armor Trim	dune_armor_trim	blazeandcave:challenges/all_the_items	1
Echo Shard	echo_shard	blazeandcave:challenges/stack_all_the_items	64
Egg	egg	blazeandcave:challenges/stack_all_the_items	16
Elytra	elytra	blazeandcave:challenges/stack_all_the_items	1
Emerald	emerald	blazeandcave:challenges/stack_all_the_items	64
Emerald Block	emerald_block	blazeandcave:challenges/stack_all_the_blocks	64
Emerald Ore	emerald_ore	blazeandcave:challenges/stack_all_the_blocks	64
Enchanted Book	enchanted_book	blazeandcave:challenges/stack_all_the_items	1
Enchanted Golden Apple	enchanted_golden_apple	blazeandcave:challenges/stack_all_the_items	64
Enchanting Table	enchanting_table	blazeandcave:challenges/stack_all_the_blocks	64
End Crystal	end_crystal	blazeandcave:challenges/stack_all_the_items	64
End Rod	end_rod	blazeandcave:challenges/stack_all_the_blocks	64
End Stone	end_stone	blazeandcave:challenges/stack_all_the_blocks	64
End Stone Brick Slab	end_stone_brick_slab	blazeandcave:challenges/stack_all_the_blocks	64
End Stone Brick Stairs	end_stone_brick_stairs	blazeandcave:challenges/stack_all_the_blocks	64
End Stone Brick Wall	end_stone_brick_wall	blazeandcave:challenges/stack_all_the_blocks	64
End Stone Bricks	end_stone_bricks	blazeandcave:challenges/stack_all_the_blocks	64
Ender Chest	ender_chest	blazeandcave:challenges/stack_all_the_blocks	64
Ender Eye	ender_eye	blazeandcave:challenges/stack_all_the_items	64
Ender Pearl	ender_pearl	blazeandcave:challenges/stack_all_the_items	16
Experience Bottle	experience_bottle	blazeandcave:challenges/stack_all_the_items	64
Explorer Pottery Sherd	explorer_pottery_sherd	blazeandcave:challenges/all_the_items	1
Exposed Chiseled Copper	exposed_chiseled_copper	blazeandcave:challenges/stack_all_the_blocks	64
Exposed Copper	exposed_copper	blazeandcave:challenges/stack_all_the_blocks	64
Exposed Copper Bulb	exposed_copper_bulb	blazeandcave:challenges/stack_all_the_blocks	64
Exposed Copper Door	exposed_copper_door	blazeandcave:challenges/stack_all_the_blocks	64
Exposed Copper Grate	exposed_copper_grate	blazeandcave:challenges/stack_all_the_blocks	64
Exposed Copper Trapdoor	exposed_copper_trapdoor	blazeandcave:challenges/stack_all_the_blocks	64
Exposed Cut Copper	exposed_cut_copper	blazeandcave:challenges/stack_all_the_blocks	64
Exposed Cut Copper Slab	exposed_cut_copper_slab	blazeandcave:challenges/stack_all_the_blocks	64
Exposed Cut Copper Stairs	exposed_cut_copper_stairs	blazeandcave:challenges/stack_all_the_blocks	64
Eye Armor Trim	eye_armor_trim	blazeandcave:challenges/all_the_items	1
Feather	feather	blazeandcave:challenges/stack_all_the_items	64
Fermented Spider Eye	fermented_spider_eye	blazeandcave:challenges/stack_all_the_items	64
Fern	fern	blazeandcave:challenges/stack_all_the_blocks	64
Filled Map	filled_map	blazeandcave:challenges/stack_all_the_items	64
Fire Charge	fire_charge	blazeandcave:challenges/stack_all_the_items	64
Fire Coral	fire_coral	blazeandcave:challenges/stack_all_the_blocks	64
Fire Coral Block	fire_coral_block	blazeandcave:challenges/stack_all_the_blocks	64
Fire Coral Fan	fire_coral_fan	blazeandcave:challenges/stack_all_the_blocks	64
Firework Rocket	firework_rocket	blazeandcave:challenges/stack_all_the_items	64
Firework Star	firework_star	blazeandcave:challenges/stack_all_the_items	64
Fishing Rod	fishing_rod	blazeandcave:challenges/stack_all_the_items	1
Fletching Table	fletching_table	blazeandcave:challenges/stack_all_the_blocks	64
Flint	flint	blazeandcave:challenges/stack_all_the_items	64
Flint And Steel	flint_and_steel	blazeandcave:challenges/stack_all_the_items	1
Flow Armor Trim Smithing Template	flow_armor_trim_smithing_template	blazeandcave:challenges/all_the_items	1
Flow Banner Pattern	flow_banner_pattern	blazeandcave:challenges/stack_all_the_items	1
Flow Pottery Sherd	flow_pottery_sherd	blazeandcave:challenges/all_the_items	1
Flower Banner Pattern	flower_banner_pattern	blazeandcave:challenges/stack_all_the_items	1
Flower Pot	flower_pot	blazeandcave:challenges/stack_all_the_blocks	64
Flowering Azalea	flowering_azalea	blazeandcave:challenges/stack_all_the_blocks	64
Flowering Azalea Leaves	flowering_azalea_leaves	blazeandcave:challenges/stack_all_the_blocks	64
Friend Pottery Sherd	friend_pottery_sherd	blazeandcave:challenges/all_the_items	1
Furnace	furnace	blazeandcave:challenges/stack_all_the_blocks	64
Furnace Minecart	furnace_minecart	blazeandcave:challenges/stack_all_the_items	1
Ghast Tear	ghast_tear	blazeandcave:challenges/stack_all_the_items	64
Gilded Blackstone	gilded_blackstone	blazeandcave:challenges/stack_all_the_blocks	64
Glass	glass	blazeandcave:challenges/stack_all_the_blocks	64
Glass Bottle	glass_bottle	blazeandcave:challenges/stack_all_the_items	64
Glass Pane	glass_pane	blazeandcave:challenges/stack_all_the_blocks	64
Glistering Melon Slice	glistering_melon_slice	blazeandcave:challenges/stack_all_the_items	64
Globe Banner Pattern	globe_banner_pattern	blazeandcave:challenges/stack_all_the_items	1
Glow Berries	glow_berries	blazeandcave:challenges/stack_all_the_items	64
Glow Ink Sac	glow_ink_sac	blazeandcave:challenges/stack_all_the_items	64
Glow Item Frame	glow_item_frame	blazeandcave:challenges/stack_all_the_items	64
Glow Lichen	glow_lichen	blazeandcave:challenges/stack_all_the_blocks	64
Glowstone	glowstone	blazeandcave:challenges/stack_all_the_blocks	64
Glowstone Dust	glowstone_dust	blazeandcave:challenges/stack_all_the_items	64
Goat Horn	goat_horn	blazeandcave:challenges/stack_all_the_items	1
Gold Block	gold_block	blazeandcave:challenges/stack_all_the_blocks	64
Gold Ingot	gold_ingot	blazeandcave:challenges/stack_all_the_items	64
Gold Nugget	gold_nugget	blazeandcave:challenges/stack_all_the_items	64
Gold Ore	gold_ore	blazeandcave:challenges/stack_all_the_blocks	64
Golden Apple	golden_apple	blazeandcave:challenges/stack_all_the_items	64
Golden Axe	golden_axe	blazeandcave:challenges/stack_all_the_items	1
Golden Boots	golden_boots	blazeandcave:challenges/stack_all_the_items	1
Golden Carrot	golden_carrot	blazeandcave:challenges/stack_all_the_items	64
Golden Chestplate	golden_chestplate	blazeandcave:challenges/stack_all_the_items	1
Golden Helmet	golden_helmet	blazeandcave:challenges/stack_all_the_items	1
Golden Hoe	golden_hoe	blazeandcave:challenges/stack_all_the_items	1
Golden Horse Armor	golden_horse_armor	blazeandcave:challenges/stack_all_the_items	1
Golden Leggings	golden_leggings	blazeandcave:challenges/stack_all_the_items	1
Golden Pickaxe	golden_pickaxe	blazeandcave:challenges/stack_all_the_items	1
Golden Shovel	golden_shovel	blazeandcave:challenges/stack_all_the_items	1
Golden Sword	golden_sword	blazeandcave:challenges/stack_all_the_items	1
Granite	granite	blazeandcave:challenges/stack_all_the_blocks	64
Granite Slab	granite_slab	blazeandcave:challenges/stack_all_the_blocks	64
Granite Stairs	granite_stairs	blazeandcave:challenges/stack_all_the_blocks	64
Granite Wall	granite_wall	blazeandcave:challenges/stack_all_the_blocks	64
Grass	grass	blazeandcave:challenges/stack_all_the_blocks	64
Grass Block	grass_block	blazeandcave:challenges/stack_all_the_blocks	64
Gravel	gravel	blazeandcave:challenges/stack_all_the_blocks	64
Gray Banner	gray_banner	blazeandcave:challenges/stack_all_the_blocks	16
Gray Bed	gray_bed	blazeandcave:challenges/stack_all_the_blocks	1
Gray Candle	gray_candle	blazeandcave:challenges/stack_all_the_blocks	64
Gray Carpet	gray_carpet	blazeandcave:challenges/stack_all_the_blocks	64
Gray Concrete	gray_concrete	blazeandcave:challenges/stack_all_the_blocks	64
Gray Concrete Powder	gray_concrete_powder	blazeandcave:challenges/stack_all_the_blocks	64
Gray Dye	gray_dye	blazeandcave:challenges/stack_all_the_items	64
Gray Glazed Terracotta	gray_glazed_terracotta	blazeandcave:challenges/stack_all_the_blocks	64
Gray Shulker Box	gray_shulker_box	blazeandcave:challenges/stack_all_the_blocks	1
Gray Stained Glass	gray_stained_glass	blazeandcave:challenges/stack_all_the_blocks	64
Gray Stained Glass Pane	gray_stained_glass_pane	blazeandcave:challenges/stack_all_the_blocks	64
Gray Terracotta	gray_terracotta	blazeandcave:challenges/stack_all_the_blocks	64
Gray Wool	gray_wool	blazeandcave:challenges/stack_all_the_blocks	64
Green Banner	green_banner	blazeandcave:challenges/stack_all_the_blocks	16
Green Bed	green_bed	blazeandcave:challenges/stack_all_the_blocks	1
Green Candle	green_candle	blazeandcave:challenges/stack_all_the_blocks	64
Green Carpet	green_carpet	blazeandcave:challenges/stack_all_the_blocks	64
Green Concrete	green_concrete	blazeandcave:challenges/stack_all_the_blocks	64
Green Concrete Powder	green_concrete_powder	blazeandcave:challenges/stack_all_the_blocks	64
Green Dye	green_dye	blazeandcave:challenges/stack_all_the_items	64
Green Glazed Terracotta	green_glazed_terracotta	blazeandcave:challenges/stack_all_the_blocks	64
Green Shulker Box	green_shulker_box	blazeandcave:challenges/stack_all_the_blocks	1
Green Stained Glass	green_stained_glass	blazeandcave:challenges/stack_all_the_blocks	64
Green Stained Glass Pane	green_stained_glass_pane	blazeandcave:challenges/stack_all_the_blocks	64
Green Terracotta	green_terracotta	blazeandcave:challenges/stack_all_the_blocks	64
Green Wool	green_wool	blazeandcave:challenges/stack_all_the_blocks	64
Grindstone	grindstone	blazeandcave:challenges/stack_all_the_blocks	64
Gunpowder	gunpowder	blazeandcave:challenges/stack_all_the_items	64
Guster Banner Pattern	guster_banner_pattern	blazeandcave:challenges/stack_all_the_items	1
Guster Pottery Sherd	guster_pottery_sherd	blazeandcave:challenges/all_the_items	1
Hanging Roots	hanging_roots	blazeandcave:challenges/stack_all_the_blocks	64
Hay Block	hay_block	blazeandcave:challenges/stack_all_the_blocks	64
Heart Of The Sea	heart_of_the_sea	blazeandcave:challenges/stack_all_the_items	64
Heart Pottery Sherd	heart_pottery_sherd	blazeandcave:challenges/all_the_items	1
Heartbreak Pottery Sherd	heartbreak_pottery_sherd	blazeandcave:challenges/all_the_items	1
Heavy Core	heavy_core	blazeandcave:challenges/all_the_blocks	1
Heavy Weighted Pressure Plate	heavy_weighted_pressure_plate	blazeandcave:challenges/stack_all_the_blocks	64
Honey Block	honey_block	blazeandcave:challenges/stack_all_the_blocks	64
Honey Bottle	honey_bottle	blazeandcave:challenges/stack_all_the_items	16
Honeycomb	honeycomb	blazeandcave:challenges/stack_all_the_items	64
Honeycomb Block	honeycomb_block	blazeandcave:challenges/stack_all_the_blocks	64
Hopper	hopper	blazeandcave:challenges/stack_all_the_blocks	64
Hopper Minecart	hopper_minecart	blazeandcave:challenges/stack_all_the_items	1
Horn Coral	horn_coral	blazeandcave:challenges/stack_all_the_blocks	64
Horn Coral Block	horn_coral_block	blazeandcave:challenges/stack_all_the_blocks	64
Horn Coral Fan	horn_coral_fan	blazeandcave:challenges/stack_all_the_blocks	64
Host Armor Trim	host_armor_trim	blazeandcave:challenges/all_the_items	1
Howl Pottery Sherd	howl_pottery_sherd	blazeandcave:challenges/all_the_items	1
Ice	ice	blazeandcave:challenges/stack_all_the_blocks	64
Ink Sac	ink_sac	blazeandcave:challenges/stack_all_the_items	64
Iron Axe	iron_axe	blazeandcave:challenges/stack_all_the_items	1
Iron Bars	iron_bars	blazeandcave:challenges/stack_all_the_blocks	64
Iron Block	iron_block	blazeandcave:challenges/stack_all_the_blocks	64
Iron Boots	iron_boots	blazeandcave:challenges/stack_all_the_items	1
Iron Chestplate	iron_chestplate	blazeandcave:challenges/stack_all_the_items	1
Iron Door	iron_door	blazeandcave:challenges/stack_all_the_blocks	64
Iron Helmet	iron_helmet	blazeandcave:challenges/stack_all_the_items	1
Iron Hoe	iron_hoe	blazeandcave:challenges/stack_all_the_items	1
Iron Horse Armor	iron_horse_armor	blazeandcave:challenges/stack_all_the_items	1
Iron Ingot	iron_ingot	blazeandcave:challenges/stack_all_the_items	64
Iron Leggings	iron_leggings	blazeandcave:challenges/stack_all_the_items	1
Iron Nugget	iron_nugget	blazeandcave:challenges/stack_all_the_items	64
Iron Ore	iron_ore	blazeandcave:challenges/stack_all_the_blocks	64
Iron Pickaxe	iron_pickaxe	blazeandcave:challenges/stack_all_the_items	1
Iron Shovel	iron_shovel	blazeandcave:challenges/stack_all_the_items	1
Iron Sword	iron_sword	blazeandcave:challenges/stack_all_the_items	1
Iron Trapdoor	iron_trapdoor	blazeandcave:challenges/stack_all_the_blocks	64
Item Frame	item_frame	blazeandcave:challenges/stack_all_the_items	64
Jack O Lantern	jack_o_lantern	blazeandcave:challenges/stack_all_the_blocks	64
Jukebox	jukebox	blazeandcave:challenges/stack_all_the_blocks	64
Jungle Boat	jungle_boat	blazeandcave:challenges/stack_all_the_items	1
Jungle Button	jungle_button	blazeandcave:challenges/stack_all_the_blocks	64
Jungle Chest Boat	jungle_chest_boat	blazeandcave:challenges/stack_all_the_items	1
Jungle Door	jungle_door	blazeandcave:challenges/stack_all_the_blocks	64
Jungle Fence	jungle_fence	blazeandcave:challenges/stack_all_the_blocks	64
Jungle Fence Gate	jungle_fence_gate	blazeandcave:challenges/stack_all_the_blocks	64
Jungle Hanging Sign	jungle_hanging_sign	blazeandcave:challenges/stack_all_the_blocks	16
Jungle Leaves	jungle_leaves	blazeandcave:challenges/stack_all_the_blocks	64
Jungle Log	jungle_log	blazeandcave:challenges/stack_all_the_blocks	64
Jungle Planks	jungle_planks	blazeandcave:challenges/stack_all_the_blocks	64
Jungle Pressure Plate	jungle_pressure_plate	blazeandcave:challenges/stack_all_the_blocks	64
Jungle Sapling	jungle_sapling	blazeandcave:challenges/stack_all_the_blocks	64
Jungle Sign	jungle_sign	blazeandcave:challenges/stack_all_the_blocks	16
Jungle Slab	jungle_slab	blazeandcave:challenges/stack_all_the_blocks	64
Jungle Stairs	jungle_stairs	blazeandcave:challenges/stack_all_the_blocks	64
Jungle Trapdoor	jungle_trapdoor	blazeandcave:challenges/stack_all_the_blocks	64
Jungle Wood	jungle_wood	blazeandcave:challenges/stack_all_the_blocks	64
Kelp	kelp	blazeandcave:challenges/stack_all_the_items	64
Ladder	ladder	blazeandcave:challenges/stack_all_the_blocks	64
Lantern	lantern	blazeandcave:challenges/stack_all_the_blocks	64
Lapis Block	lapis_block	blazeandcave:challenges/stack_all_the_blocks	64
Lapis Lazuli	lapis_lazuli	blazeandcave:challenges/stack_all_the_items	64
Lapis Ore	lapis_ore	blazeandcave:challenges/stack_all_the_blocks	64
Large Amethyst Bud	large_amethyst_bud	blazeandcave:challenges/stack_all_the_blocks	64
Large Fern	large_fern	blazeandcave:challenges/all_the_blocks	1
Lava Bucket	lava_bucket	blazeandcave:challenges/stack_all_the_items	1
Lead	lead	blazeandcave:challenges/stack_all_the_items	64
Leather	leather	blazeandcave:challenges/stack_all_the_items	64
Leather Boots	leather_boots	blazeandcave:challenges/stack_all_the_items	1
Leather Chestplate	leather_chestplate	blazeandcave:challenges/stack_all_the_items	1
Leather Helmet	leather_helmet	blazeandcave:challenges/stack_all_the_items	1
Leather Horse Armor	leather_horse_armor	blazeandcave:challenges/stack_all_the_items	1
Leather Leggings	leather_leggings	blazeandcave:challenges/stack_all_the_items	1
Lectern	lectern	blazeandcave:challenges/stack_all_the_blocks	64
Lever	lever	blazeandcave:challenges/stack_all_the_blocks	64
Light Blue Banner	light_blue_banner	blazeandcave:challenges/stack_all_the_blocks	16
Light Blue Bed	light_blue_bed	blazeandcave:challenges/stack_all_the_blocks	1
Light Blue Candle	light_blue_candle	blazeandcave:challenges/stack_all_the_blocks	64
Light Blue Carpet	light_blue_carpet	blazeandcave:challenges/stack_all_the_blocks	64
Light Blue Concrete	light_blue_concrete	blazeandcave:challenges/stack_all_the_blocks	64
Light Blue Concrete Powder	light_blue_concrete_powder	blazeandcave:challenges/stack_all_the_blocks	64
Light Blue Dye	light_blue_dye	blazeandcave:challenges/stack_all_the_items	64
Light Blue Glazed Terracotta	light_blue_glazed_terracotta	blazeandcave:challenges/stack_all_the_blocks	64
Light Blue Shulker Box	light_blue_shulker_box	blazeandcave:challenges/stack_all_the_blocks	1
Light Blue Stained Glass	light_blue_stained_glass	blazeandcave:challenges/stack_all_the_blocks	64
Light Blue Stained Glass Pane	light_blue_stained_glass_pane	blazeandcave:challenges/stack_all_the_blocks	64
Light Blue Terracotta	light_blue_terracotta	blazeandcave:challenges/stack_all_the_blocks	64
Light Blue Wool	light_blue_wool	blazeandcave:challenges/stack_all_the_blocks	64
Light Gray Banner	light_gray_banner	blazeandcave:challenges/stack_all_the_blocks	16
Light Gray Bed	light_gray_bed	blazeandcave:challenges/stack_all_the_blocks	1
Light Gray Candle	light_gray_candle	blazeandcave:challenges/stack_all_the_blocks	64
Light Gray Carpet	light_gray_carpet	blazeandcave:challenges/stack_all_the_blocks	64
Light Gray Concrete	light_gray_concrete	blazeandcave:challenges/stack_all_the_blocks	64
Light Gray Concrete Powder	light_gray_concrete_powder	blazeandcave:challenges/stack_all_the_blocks	64
Light Gray Dye	light_gray_dye	blazeandcave:challenges/stack_all_the_items	64
Light Gray Glazed Terracotta	light_gray_glazed_terracotta	blazeandcave:challenges/stack_all_the_blocks	64
Light Gray Shulker Box	light_gray_shulker_box	blazeandcave:challenges/stack_all_the_blocks	1
Light Gray Stained Glass	light_gray_stained_glass	blazeandcave:challenges/stack_all_the_blocks	64
Light Gray Stained Glass Pane	light_gray_stained_glass_pane	blazeandcave:challenges/stack_all_the_blocks	64
Light Gray Terracotta	light_gray_terracotta	blazeandcave:challenges/stack_all_the_blocks	64
Light Gray Wool	light_gray_wool	blazeandcave:challenges/stack_all_the_blocks	64
Light Weighted Pressure Plate	light_weighted_pressure_plate	blazeandcave:challenges/stack_all_the_blocks	64
Lightning Rod	lightning_rod	blazeandcave:challenges/stack_all_the_blocks	64
Lilac	lilac	blazeandcave:challenges/stack_all_the_blocks	64
Lily Of The Valley	lily_of_the_valley	blazeandcave:challenges/stack_all_the_blocks	64
Lily Pad	lily_pad	blazeandcave:challenges/stack_all_the_blocks	64
Lime Banner	lime_banner	blazeandcave:challenges/stack_all_the_blocks	16
Lime Bed	lime_bed	blazeandcave:challenges/stack_all_the_blocks	1
Lime Candle	lime_candle	blazeandcave:challenges/stack_all_the_blocks	64
Lime Carpet	lime_carpet	blazeandcave:challenges/stack_all_the_blocks	64
Lime Concrete	lime_concrete	blazeandcave:challenges/stack_all_the_blocks	64
Lime Concrete Powder	lime_concrete_powder	blazeandcave:challenges/stack_all_the_blocks	64
Lime Dye	lime_dye	blazeandcave:challenges/stack_all_the_items	64
Lime Glazed Terracotta	lime_glazed_terracotta	blazeandcave:challenges/stack_all_the_blocks	64
Lime Shulker Box	lime_shulker_box	blazeandcave:challenges/stack_all_the_blocks	1
Lime Stained Glass	lime_stained_glass	blazeandcave:challenges/stack_all_the_blocks	64
Lime Stained Glass Pane	lime_stained_glass_pane	blazeandcave:challenges/stack_all_the_blocks	64
Lime Terracotta	lime_terracotta	blazeandcave:challenges/stack_all_the_blocks	64
Lime Wool	lime_wool	blazeandcave:challenges/stack_all_the_blocks	64
Lingering Potion	lingering_potion	blazeandcave:challenges/stack_all_the_items	1
Lodestone	lodestone	blazeandcave:challenges/stack_all_the_blocks	64
Loom	loom	blazeandcave:challenges/stack_all_the_blocks	64
Mace	mace	blazeandcave:challenges/stack_all_the_items	1
Magenta Banner	magenta_banner	blazeandcave:challenges/stack_all_the_blocks	16
Magenta Bed	magenta_bed	blazeandcave:challenges/stack_all_the_blocks	1
Magenta Candle	magenta_candle	blazeandcave:challenges/stack_all_the_blocks	64
Magenta Carpet	magenta_carpet	blazeandcave:challenges/stack_all_the_blocks	64
Magenta Concrete	magenta_concrete	blazeandcave:challenges/stack_all_the_blocks	64
Magenta Concrete Powder	magenta_concrete_powder	blazeandcave:challenges/stack_all_the_blocks	64
Magenta Dye	magenta_dye	blazeandcave:challenges/stack_all_the_items	64
Magenta Glazed Terracotta	magenta_glazed_terracotta	blazeandcave:challenges/stack_all_the_blocks	64
Magenta Shulker Box	magenta_shulker_box	blazeandcave:challenges/stack_all_the_blocks	1
Magenta Stained Glass	magenta_stained_glass	blazeandcave:challenges/stack_all_the_blocks	64
Magenta Stained Glass Pane	magenta_stained_glass_pane	blazeandcave:challenges/stack_all_the_blocks	64
Magenta Terracotta	magenta_terracotta	blazeandcave:challenges/stack_all_the_blocks	64
Magenta Wool	magenta_wool	blazeandcave:challenges/stack_all_the_blocks	64
Magma Block	magma_block	blazeandcave:challenges/stack_all_the_blocks	64
Magma Cream	magma_cream	blazeandcave:challenges/stack_all_the_items	64
Mangrove Boat	mangrove_boat	blazeandcave:challenges/stack_all_the_items	1
Mangrove Button	mangrove_button	blazeandcave:challenges/stack_all_the_blocks	64
Mangrove Chest Boat	mangrove_chest_boat	blazeandcave:challenges/stack_all_the_items	1
Mangrove Door	mangrove_door	blazeandcave:challenges/stack_all_the_blocks	64
Mangrove Fence	mangrove_fence	blazeandcave:challenges/stack_all_the_blocks	64
Mangrove Fence Gate	mangrove_fence_gate	blazeandcave:challenges/stack_all_the_blocks	64
Mangrove Hanging Sign	mangrove_hanging_sign	blazeandcave:challenges/stack_all_the_blocks	16
Mangrove Leaves	mangrove_leaves	blazeandcave:challenges/stack_all_the_blocks	64
Mangrove Log	mangrove_log	blazeandcave:challenges/stack_all_the_blocks	64
Mangrove Planks	mangrove_planks	blazeandcave:challenges/stack_all_the_blocks	64
Mangrove Pressure Plate	mangrove_pressure_plate	blazeandcave:challenges/stack_all_the_blocks	64
Mangrove Propagule	mangrove_propagule	blazeandcave:challenges/stack_all_the_blocks	64
Mangrove Roots	mangrove_roots	blazeandcave:challenges/stack_all_the_blocks	64
Mangrove Sign	mangrove_sign	blazeandcave:challenges/stack_all_the_blocks	16
Mangrove Slab	mangrove_slab	blazeandcave:challenges/stack_all_the_blocks	64
Mangrove Stairs	mangrove_stairs	blazeandcave:challenges/stack_all_the_blocks	64
Mangrove Trapdoor	mangrove_trapdoor	blazeandcave:challenges/stack_all_the_blocks	64
Mangrove Wood	mangrove_wood	blazeandcave:challenges/stack_all_the_blocks	64
Map	map	blazeandcave:challenges/stack_all_the_items	64
Medium Amethyst Bud	medium_amethyst_bud	blazeandcave:challenges/stack_all_the_blocks	64
Melon	melon	blazeandcave:challenges/stack_all_the_blocks	64
Melon Seeds	melon_seeds	blazeandcave:challenges/stack_all_the_items	64
Melon Slice	melon_slice	blazeandcave:challenges/stack_all_the_items	64
Milk Bucket	milk_bucket	blazeandcave:challenges/stack_all_the_items	1
Minecart	minecart	blazeandcave:challenges/stack_all_the_items	1
Miner Pottery Sherd	miner_pottery_sherd	blazeandcave:challenges/all_the_items	1
Mojang Banner Pattern	mojang_banner_pattern	blazeandcave:challenges/stack_all_the_items	1
Moss Block	moss_block	blazeandcave:challenges/stack_all_the_blocks	64
Moss Carpet	moss_carpet	blazeandcave:challenges/stack_all_the_blocks	64
Mossy Cobblestone	mossy_cobblestone	blazeandcave:challenges/stack_all_the_blocks	64
Mossy Cobblestone Slab	mossy_cobblestone_slab	blazeandcave:challenges/stack_all_the_blocks	64
Mossy Cobblestone Stairs	mossy_cobblestone_stairs	blazeandcave:challenges/stack_all_the_blocks	64
Mossy Cobblestone Wall	mossy_cobblestone_wall	blazeandcave:challenges/stack_all_the_blocks	64
Mossy Stone Brick Slab	mossy_stone_brick_slab	blazeandcave:challenges/stack_all_the_blocks	64
Mossy Stone Brick Stairs	mossy_stone_brick_stairs	blazeandcave:challenges/stack_all_the_blocks	64
Mossy Stone Brick Wall	mossy_stone_brick_wall	blazeandcave:challenges/stack_all_the_blocks	64
Mossy Stone Bricks	mossy_stone_bricks	blazeandcave:challenges/stack_all_the_blocks	64
Mourner Pottery Sherd	mourner_pottery_sherd	blazeandcave:challenges/all_the_items	1
Mud	mud	blazeandcave:challenges/stack_all_the_blocks	64
Mud Brick Slab	mud_brick_slab	blazeandcave:challenges/stack_all_the_blocks	64
Mud Brick Stairs	mud_brick_stairs	blazeandcave:challenges/stack_all_the_blocks	64
Mud Brick Wall	mud_brick_wall	blazeandcave:challenges/stack_all_the_blocks	64
Mud Bricks	mud_bricks	blazeandcave:challenges/stack_all_the_blocks	64
Muddy Mangrove Roots	muddy_mangrove_roots	blazeandcave:challenges/stack_all_the_blocks	64
Mushroom Stem	mushroom_stem	blazeandcave:challenges/stack_all_the_blocks	64
Mushroom Stew	mushroom_stew	blazeandcave:challenges/stack_all_the_items	1
Music Disc 11	music_disc_11	blazeandcave:challenges/stack_all_the_items	1
Music Disc 13	music_disc_13	blazeandcave:challenges/stack_all_the_items	1
Music Disc 5	music_disc_5	blazeandcave:challenges/stack_all_the_items	1
Music Disc Blocks	music_disc_blocks	blazeandcave:challenges/stack_all_the_items	1
Music Disc Cat	music_disc_cat	blazeandcave:challenges/stack_all_the_items	1
Music Disc Chirp	music_disc_chirp	blazeandcave:challenges/stack_all_the_items	1
Music Disc Creator	music_disc_creator	blazeandcave:challenges/stack_all_the_items	1
Music Disc Creator Music Box	music_disc_creator_music_box	blazeandcave:challenges/stack_all_the_items	1
Music Disc Far	music_disc_far	blazeandcave:challenges/stack_all_the_items	1
Music Disc Mall	music_disc_mall	blazeandcave:challenges/stack_all_the_items	1
Music Disc Mellohi	music_disc_mellohi	blazeandcave:challenges/stack_all_the_items	1
Music Disc Otherside	music_disc_otherside	blazeandcave:challenges/stack_all_the_items	1
Music Disc Pigstep	music_disc_pigstep	blazeandcave:challenges/stack_all_the_items	1
Music Disc Precipice	music_disc_precipice	blazeandcave:challenges/stack_all_the_items	1
Music Disc Relic	music_disc_relic	blazeandcave:challenges/stack_all_the_items	1
Music Disc Stal	music_disc_stal	blazeandcave:challenges/stack_all_the_items	1
Music Disc Strad	music_disc_strad	blazeandcave:challenges/stack_all_the_items	1
Music Disc Wait	music_disc_wait	blazeandcave:challenges/stack_all_the_items	1
Music Disc Ward	music_disc_ward	blazeandcave:challenges/stack_all_the_items	1
Mutton	mutton	blazeandcave:challenges/stack_all_the_items	64
Mycelium	mycelium	blazeandcave:challenges/stack_all_the_blocks	64
Name Tag	name_tag	blazeandcave:challenges/stack_all_the_items	64
Nautilus Shell	nautilus_shell	blazeandcave:challenges/stack_all_the_items	64
Nether Brick	nether_brick	blazeandcave:challenges/stack_all_the_items	64
Nether Brick Fence	nether_brick_fence	blazeandcave:challenges/stack_all_the_blocks	64
Nether Brick Slab	nether_brick_slab	blazeandcave:challenges/stack_all_the_blocks	64
Nether Brick Stairs	nether_brick_stairs	blazeandcave:challenges/stack_all_the_blocks	64
Nether Brick Wall	nether_brick_wall	blazeandcave:challenges/stack_all_the_blocks	64
Nether Bricks	nether_bricks	blazeandcave:challenges/stack_all_the_blocks	64
Nether Gold Ore	nether_gold_ore	blazeandcave:challenges/stack_all_the_blocks	64
Nether Quartz Ore	nether_quartz_ore	blazeandcave:challenges/stack_all_the_blocks	64
Nether Sprouts	nether_sprouts	blazeandcave:challenges/stack_all_the_blocks	64
Nether Star	nether_star	blazeandcave:challenges/stack_all_the_items	64
Nether Wart	nether_wart	blazeandcave:challenges/stack_all_the_items	64
Nether Wart Block	nether_wart_block	blazeandcave:challenges/stack_all_the_blocks	64
Netherite Axe	netherite_axe	blazeandcave:challenges/stack_all_the_items	1
Netherite Block	netherite_block	blazeandcave:challenges/all_the_blocks	1
Netherite Boots	netherite_boots	blazeandcave:challenges/stack_all_the_items	1
Netherite Chestplate	netherite_chestplate	blazeandcave:challenges/stack_all_the_items	1
Netherite Helmet	netherite_helmet	blazeandcave:challenges/stack_all_the_items	1
Netherite Hoe	netherite_hoe	blazeandcave:challenges/stack_all_the_items	1
Netherite Ingot	netherite_ingot	blazeandcave:challenges/stack_all_the_items	64
Netherite Leggings	netherite_leggings	blazeandcave:challenges/stack_all_the_items	1
Netherite Pickaxe	netherite_pickaxe	blazeandcave:challenges/stack_all_the_items	1
Netherite Scrap	netherite_scrap	blazeandcave:challenges/stack_all_the_items	64
Netherite Shovel	netherite_shovel	blazeandcave:challenges/stack_all_the_items	1
Netherite Sword	netherite_sword	blazeandcave:challenges/stack_all_the_items	1
Netherite Upgrade	netherite_upgrade	blazeandcave:challenges/all_the_items	1
Netherrack	netherrack	blazeandcave:challenges/stack_all_the_blocks	64
Note Block	note_block	blazeandcave:challenges/stack_all_the_blocks	64
Oak Boat	oak_boat	blazeandcave:challenges/stack_all_the_items	1
Oak Button	oak_button	blazeandcave:challenges/stack_all_the_blocks	64
Oak Chest Boat	oak_chest_boat	blazeandcave:challenges/stack_all_the_items	1
Oak Door	oak_door	blazeandcave:challenges/stack_all_the_blocks	64
Oak Fence	oak_fence	blazeandcave:challenges/stack_all_the_blocks	64
Oak Fence Gate	oak_fence_gate	blazeandcave:challenges/stack_all_the_blocks	64
Oak Hanging Sign	oak_hanging_sign	blazeandcave:challenges/stack_all_the_blocks	16
Oak Leaves	oak_leaves	blazeandcave:challenges/stack_all_the_blocks	64
Oak Log	oak_log	blazeandcave:challenges/stack_all_the_blocks	64
Oak Planks	oak_planks	blazeandcave:challenges/stack_all_the_blocks	64
Oak Pressure Plate	oak_pressure_plate	blazeandcave:challenges/stack_all_the_blocks	64
Oak Sapling	oak_sapling	blazeandcave:challenges/stack_all_the_blocks	64
Oak Sign	oak_sign	blazeandcave:challenges/stack_all_the_blocks	16
Oak Slab	oak_slab	blazeandcave:challenges/stack_all_the_blocks	64
Oak Stairs	oak_stairs	blazeandcave:challenges/stack_all_the_blocks	64
Oak Trapdoor	oak_trapdoor	blazeandcave:challenges/stack_all_the_blocks	64
Oak Wood	oak_wood	blazeandcave:challenges/stack_all_the_blocks	64
Observer	observer	blazeandcave:challenges/stack_all_the_blocks	64
Obsidian	obsidian	blazeandcave:challenges/stack_all_the_blocks	64
Ochre Froglight	ochre_froglight	blazeandcave:challenges/stack_all_the_blocks	64
Ominous Bottle	ominous_bottle	blazeandcave:challenges/stack_all_the_items	64
Ominous Trial Key	ominous_trial_key	blazeandcave:challenges/stack_all_the_items	64
Orange Banner	orange_banner	blazeandcave:challenges/stack_all_the_blocks	16
Orange Bed	orange_bed	blazeandcave:challenges/stack_all_the_blocks	1
Orange Candle	orange_candle	blazeandcave:challenges/stack_all_the_blocks	64
Orange Carpet	orange_carpet	blazeandcave:challenges/stack_all_the_blocks	64
Orange Concrete	orange_concrete	blazeandcave:challenges/stack_all_the_blocks	64
Orange Concrete Powder	orange_concrete_powder	blazeandcave:challenges/stack_all_the_blocks	64
Orange Dye	orange_dye	blazeandcave:challenges/stack_all_the_items	64
Orange Glazed Terracotta	orange_glazed_terracotta	blazeandcave:challenges/stack_all_the_blocks	64
Orange Shulker Box	orange_shulker_box	blazeandcave:challenges/stack_all_the_blocks	1
Orange Stained Glass	orange_stained_glass	blazeandcave:challenges/stack_all_the_blocks	64
Orange Stained Glass Pane	orange_stained_glass_pane	blazeandcave:challenges/stack_all_the_blocks	64
Orange Terracotta	orange_terracotta	blazeandcave:challenges/stack_all_the_blocks	64
Orange Tulip	orange_tulip	blazeandcave:challenges/stack_all_the_blocks	64
Orange Wool	orange_wool	blazeandcave:challenges/stack_all_the_blocks	64
Oxeye Daisy	oxeye_daisy	blazeandcave:challenges/stack_all_the_blocks	64
Oxidized Chiseled Copper	oxidized_chiseled_copper	blazeandcave:challenges/stack_all_the_blocks	64
Oxidized Copper	oxidized_copper	blazeandcave:challenges/stack_all_the_blocks	64
Oxidized Copper Bulb	oxidized_copper_bulb	blazeandcave:challenges/stack_all_the_blocks	64
Oxidized Copper Door	oxidized_copper_door	blazeandcave:challenges/stack_all_the_blocks	64
Oxidized Copper Grate	oxidized_copper_grate	blazeandcave:challenges/stack_all_the_blocks	64
Oxidized Copper Trapdoor	oxidized_copper_trapdoor	blazeandcave:challenges/stack_all_the_blocks	64
Oxidized Cut Copper	oxidized_cut_copper	blazeandcave:challenges/stack_all_the_blocks	64
Oxidized Cut Copper Slab	oxidized_cut_copper_slab	blazeandcave:challenges/stack_all_the_blocks	64
Oxidized Cut Copper Stairs	oxidized_cut_copper_stairs	blazeandcave:challenges/stack_all_the_blocks	64
Packed Ice	packed_ice	blazeandcave:challenges/stack_all_the_blocks	64
Packed Mud	packed_mud	blazeandcave:challenges/stack_all_the_blocks	64
Painting	painting	blazeandcave:challenges/stack_all_the_items	64
Paper	paper	blazeandcave:challenges/stack_all_the_items	64
Pearlescent Froglight	pearlescent_froglight	blazeandcave:challenges/stack_all_the_blocks	64
Peony	peony	blazeandcave:challenges/stack_all_the_blocks	64
Phantom Membrane	phantom_membrane	blazeandcave:challenges/stack_all_the_items	64
Piglin Banner Pattern	piglin_banner_pattern	blazeandcave:challenges/stack_all_the_items	1
Piglin Head	piglin_head	blazeandcave:challenges/stack_all_the_blocks	64
Pink Banner	pink_banner	blazeandcave:challenges/stack_all_the_blocks	16
Pink Bed	pink_bed	blazeandcave:challenges/stack_all_the_blocks	1
Pink Candle	pink_candle	blazeandcave:challenges/stack_all_the_blocks	64
Pink Carpet	pink_carpet	blazeandcave:challenges/stack_all_the_blocks	64
Pink Concrete	pink_concrete	blazeandcave:challenges/stack_all_the_blocks	64
Pink Concrete Powder	pink_concrete_powder	blazeandcave:challenges/stack_all_the_blocks	64
Pink Dye	pink_dye	blazeandcave:challenges/stack_all_the_items	64
Pink Glazed Terracotta	pink_glazed_terracotta	blazeandcave:challenges/stack_all_the_blocks	64
Pink Petals	pink_petals	blazeandcave:challenges/stack_all_the_blocks	64
Pink Shulker Box	pink_shulker_box	blazeandcave:challenges/stack_all_the_blocks	1
Pink Stained Glass	pink_stained_glass	blazeandcave:challenges/stack_all_the_blocks	64
Pink Stained Glass Pane	pink_stained_glass_pane	blazeandcave:challenges/stack_all_the_blocks	64
Pink Terracotta	pink_terracotta	blazeandcave:challenges/stack_all_the_blocks	64
Pink Tulip	pink_tulip	blazeandcave:challenges/stack_all_the_blocks	64
Pink Wool	pink_wool	blazeandcave:challenges/stack_all_the_blocks	64
Piston	piston	blazeandcave:challenges/stack_all_the_blocks	64
Pitcher Plant	pitcher_plant	blazeandcave:challenges/stack_all_the_blocks	64
Pitcher Pod	pitcher_pod	blazeandcave:challenges/stack_all_the_items	64
Plenty Pottery Sherd	plenty_pottery_sherd	blazeandcave:challenges/all_the_items	1
Podzol	podzol	blazeandcave:challenges/stack_all_the_blocks	64
Pointed Dripstone	pointed_dripstone	blazeandcave:challenges/stack_all_the_blocks	64
Poisonous Potato	poisonous_potato	blazeandcave:challenges/stack_all_the_items	64
Polished Andesite	polished_andesite	blazeandcave:challenges/stack_all_the_blocks	64
Polished Andesite Slab	polished_andesite_slab	blazeandcave:challenges/stack_all_the_blocks	64
Polished Andesite Stairs	polished_andesite_stairs	blazeandcave:challenges/stack_all_the_blocks	64
Polished Basalt	polished_basalt	blazeandcave:challenges/stack_all_the_blocks	64
Polished Blackstone	polished_blackstone	blazeandcave:challenges/stack_all_the_blocks	64
Polished Blackstone Brick Slab	polished_blackstone_brick_slab	blazeandcave:challenges/stack_all_the_blocks	64
Polished Blackstone Brick Stairs	polished_blackstone_brick_stairs	blazeandcave:challenges/stack_all_the_blocks	64
Polished Blackstone Brick Wall	polished_blackstone_brick_wall	blazeandcave:challenges/stack_all_the_blocks	64
Polished Blackstone Bricks	polished_blackstone_bricks	blazeandcave:challenges/stack_all_the_blocks	64
Polished Blackstone Button	polished_blackstone_button	blazeandcave:challenges/stack_all_the_blocks	64
Polished Blackstone Pressure Plate	polished_blackstone_pressure_plate	blazeandcave:challenges/stack_all_the_blocks	64
Polished Blackstone Slab	polished_blackstone_slab	blazeandcave:challenges/stack_all_the_blocks	64
Polished Blackstone Stairs	polished_blackstone_stairs	blazeandcave:challenges/stack_all_the_blocks	64
Polished Blackstone Wall	polished_blackstone_wall	blazeandcave:challenges/stack_all_the_blocks	64
Polished Deepslate	polished_deepslate	blazeandcave:challenges/stack_all_the_blocks	64
Polished Deepslate Slab	polished_deepslate_slab	blazeandcave:challenges/stack_all_the_blocks	64
Polished Deepslate Stairs	polished_deepslate_stairs	blazeandcave:challenges/stack_all_the_blocks	64
Polished Deepslate Wall	polished_deepslate_wall	blazeandcave:challenges/stack_all_the_blocks	64
Polished Diorite	polished_diorite	blazeandcave:challenges/stack_all_the_blocks	64
Polished Diorite Slab	polished_diorite_slab	blazeandcave:challenges/stack_all_the_blocks	64
Polished Diorite Stairs	polished_diorite_stairs	blazeandcave:challenges/stack_all_the_blocks	64
Polished Granite	polished_granite	blazeandcave:challenges/stack_all_the_blocks	64
Polished Granite Slab	polished_granite_slab	blazeandcave:challenges/stack_all_the_blocks	64
Polished Granite Stairs	polished_granite_stairs	blazeandcave:challenges/stack_all_the_blocks	64
Polished Tuff	polished_tuff	blazeandcave:challenges/stack_all_the_blocks	64
Polished Tuff Slab	polished_tuff_slab	blazeandcave:challenges/stack_all_the_blocks	64
Polished Tuff Stairs	polished_tuff_stairs	blazeandcave:challenges/stack_all_the_blocks	64
Polished Tuff Wall	polished_tuff_wall	blazeandcave:challenges/stack_all_the_blocks	64
Popped Chorus Fruit	popped_chorus_fruit	blazeandcave:challenges/stack_all_the_items	64
Poppy	poppy	blazeandcave:challenges/stack_all_the_blocks	64
Porkchop	porkchop	blazeandcave:challenges/stack_all_the_items	64
Potato	potato	blazeandcave:challenges/stack_all_the_items	64
Potion	potion	blazeandcave:challenges/stack_all_the_items	1
Powder Snow Bucket	powder_snow_bucket	blazeandcave:challenges/stack_all_the_items	1
Powered Rail	powered_rail	blazeandcave:challenges/stack_all_the_blocks	64
Prismarine	prismarine	blazeandcave:challenges/stack_all_the_blocks	64
Prismarine Brick Slab	prismarine_brick_slab	blazeandcave:challenges/stack_all_the_blocks	64
Prismarine Brick Stairs	prismarine_brick_stairs	blazeandcave:challenges/stack_all_the_blocks	64
Prismarine Bricks	prismarine_bricks	blazeandcave:challenges/stack_all_the_blocks	64
Prismarine Crystals	prismarine_crystals	blazeandcave:challenges/stack_all_the_items	64
Prismarine Shard	prismarine_shard	blazeandcave:challenges/stack_all_the_items	64
Prismarine Slab	prismarine_slab	blazeandcave:challenges/stack_all_the_blocks	64
Prismarine Stairs	prismarine_stairs	blazeandcave:challenges/stack_all_the_blocks	64
Prismarine Wall	prismarine_wall	blazeandcave:challenges/stack_all_the_blocks	64
Prize Pottery Sherd	prize_pottery_sherd	blazeandcave:challenges/all_the_items	1
Pufferfish	pufferfish	blazeandcave:challenges/stack_all_the_items	64
Pufferfish Bucket	pufferfish_bucket	blazeandcave:challenges/stack_all_the_items	1
Pumpkin	pumpkin	blazeandcave:challenges/stack_all_the_blocks	64
Pumpkin Pie	pumpkin_pie	blazeandcave:challenges/stack_all_the_items	64
Pumpkin Seeds	pumpkin_seeds	blazeandcave:challenges/stack_all_the_items	64
Purple Banner	purple_banner	blazeandcave:challenges/stack_all_the_blocks	16
Purple Bed	purple_bed	blazeandcave:challenges/stack_all_the_blocks	1
Purple Candle	purple_candle	blazeandcave:challenges/stack_all_the_blocks	64
Purple Carpet	purple_carpet	blazeandcave:challenges/stack_all_the_blocks	64
Purple Concrete	purple_concrete	blazeandcave:challenges/stack_all_the_blocks	64
Purple Concrete Powder	purple_concrete_powder	blazeandcave:challenges/stack_all_the_blocks	64
Purple Dye	purple_dye	blazeandcave:challenges/stack_all_the_items	64
Purple Glazed Terracotta	purple_glazed_terracotta	blazeandcave:challenges/stack_all_the_blocks	64
Purple Shulker Box	purple_shulker_box	blazeandcave:challenges/stack_all_the_blocks	1
Purple Stained Glass	purple_stained_glass	blazeandcave:challenges/stack_all_the_blocks	64
Purple Stained Glass Pane	purple_stained_glass_pane	blazeandcave:challenges/stack_all_the_blocks	64
Purple Terracotta	purple_terracotta	blazeandcave:challenges/stack_all_the_blocks	64
Purple Wool	purple_wool	blazeandcave:challenges/stack_all_the_blocks	64
Purpur Block	purpur_block	blazeandcave:challenges/stack_all_the_blocks	64
Purpur Pillar	purpur_pillar	blazeandcave:challenges/stack_all_the_blocks	64
Purpur Slab	purpur_slab	blazeandcave:challenges/stack_all_the_blocks	64
Purpur Stairs	purpur_stairs	blazeandcave:challenges/stack_all_the_blocks	64
Quartz	quartz	blazeandcave:challenges/stack_all_the_items	64
Quartz Block	quartz_block	blazeandcave:challenges/stack_all_the_blocks	64
Quartz Bricks	quartz_bricks	blazeandcave:challenges/stack_all_the_blocks	64
Quartz Pillar	quartz_pillar	blazeandcave:challenges/stack_all_the_blocks	64
Quartz Slab	quartz_slab	blazeandcave:challenges/stack_all_the_blocks	64
Quartz Stairs	quartz_stairs	blazeandcave:challenges/stack_all_the_blocks	64
Rabbit	rabbit	blazeandcave:challenges/stack_all_the_items	64
Rabbit Foot	rabbit_foot	blazeandcave:challenges/stack_all_the_items	64
Rabbit Hide	rabbit_hide	blazeandcave:challenges/stack_all_the_items	64
Rabbit Stew	rabbit_stew	blazeandcave:challenges/stack_all_the_items	1
Rail	rail	blazeandcave:challenges/stack_all_the_blocks	64
Raiser Armor Trim	raiser_armor_trim	blazeandcave:challenges/all_the_items	1
Raw Copper	raw_copper	blazeandcave:challenges/stack_all_the_items	64
Raw Copper Block	raw_copper_block	blazeandcave:challenges/stack_all_the_blocks	64
Raw Gold	raw_gold	blazeandcave:challenges/stack_all_the_items	64
Raw Gold Block	raw_gold_block	blazeandcave:challenges/stack_all_the_blocks	64
Raw Iron	raw_iron	blazeandcave:challenges/stack_all_the_items	64
Raw Iron Block	raw_iron_block	blazeandcave:challenges/stack_all_the_blocks	64
Recovery Compass	recovery_compass	blazeandcave:challenges/all_the_items	1
Red Banner	red_banner	blazeandcave:challenges/stack_all_the_blocks	16
Red Bed	red_bed	blazeandcave:challenges/stack_all_the_blocks	1
Red Candle	red_candle	blazeandcave:challenges/stack_all_the_blocks	64
Red Carpet	red_carpet	blazeandcave:challenges/stack_all_the_blocks	64
Red Concrete	red_concrete	blazeandcave:challenges/stack_all_the_blocks	64
Red Concrete Powder	red_concrete_powder	blazeandcave:challenges/stack_all_the_blocks	64
Red Dye	red_dye	blazeandcave:challenges/stack_all_the_items	64
Red Glazed Terracotta	red_glazed_terracotta	blazeandcave:challenges/stack_all_the_blocks	64
Red Mushroom	red_mushroom	blazeandcave:challenges/stack_all_the_blocks	64
Red Mushroom Block	red_mushroom_block	blazeandcave:challenges/stack_all_the_blocks	64
Red Nether Brick Slab	red_nether_brick_slab	blazeandcave:challenges/stack_all_the_blocks	64
Red Nether Brick Stairs	red_nether_brick_stairs	blazeandcave:challenges/stack_all_the_blocks	64
Red Nether Brick Wall	red_nether_brick_wall	blazeandcave:challenges/stack_all_the_blocks	64
Red Nether Bricks	red_nether_bricks	blazeandcave:challenges/stack_all_the_blocks	64
Red Sand	red_sand	blazeandcave:challenges/stack_all_the_blocks	64
Red Sandstone	red_sandstone	blazeandcave:challenges/stack_all_the_blocks	64
Red Sandstone Slab	red_sandstone_slab	blazeandcave:challenges/stack_all_the_blocks	64
Red Sandstone Stairs	red_sandstone_stairs	blazeandcave:challenges/stack_all_the_blocks	64
Red Sandstone Wall	red_sandstone_wall	blazeandcave:challenges/stack_all_the_blocks	64
Red Shulker Box	red_shulker_box	blazeandcave:challenges/stack_all_the_blocks	1
Red Stained Glass	red_stained_glass	blazeandcave:challenges/stack_all_the_blocks	64
Red Stained Glass Pane	red_stained_glass_pane	blazeandcave:challenges/stack_all_the_blocks	64
Red Terracotta	red_terracotta	blazeandcave:challenges/stack_all_the_blocks	64
Red Tulip	red_tulip	blazeandcave:challenges/stack_all_the_blocks	64
Red Wool	red_wool	blazeandcave:challenges/stack_all_the_blocks	64
Redstone	redstone	blazeandcave:challenges/stack_all_the_items	64
Redstone Block	redstone_block	blazeandcave:challenges/stack_all_the_blocks	64
Redstone Lamp	redstone_lamp	blazeandcave:challenges/stack_all_the_blocks	64
Redstone Ore	redstone_ore	blazeandcave:challenges/stack_all_the_blocks	64
Redstone Torch	redstone_torch	blazeandcave:challenges/stack_all_the_blocks	64
Repeater	repeater	blazeandcave:challenges/stack_all_the_blocks	64
Respawn Anchor	respawn_anchor	blazeandcave:challenges/stack_all_the_blocks	64
Rib Armor Trim	rib_armor_trim	blazeandcave:challenges/all_the_items	1
Rooted Dirt	rooted_dirt	blazeandcave:challenges/stack_all_the_blocks	64
Rose Bush	rose_bush	blazeandcave:challenges/stack_all_the_blocks	64
Rotten Flesh	rotten_flesh	blazeandcave:challenges/stack_all_the_items	64
Saddle	saddle	blazeandcave:challenges/stack_all_the_items	1
Salmon	salmon	blazeandcave:challenges/stack_all_the_items	64
Salmon Bucket	salmon_bucket	blazeandcave:challenges/stack_all_the_items	1
Sand	sand	blazeandcave:challenges/stack_all_the_blocks	64
Sandstone	sandstone	blazeandcave:challenges/stack_all_the_blocks	64
Sandstone Slab	sandstone_slab	blazeandcave:challenges/stack_all_the_blocks	64
Sandstone Stairs	sandstone_stairs	blazeandcave:challenges/stack_all_the_blocks	64
Sandstone Wall	sandstone_wall	blazeandcave:challenges/stack_all_the_blocks	64
Scaffolding	scaffolding	blazeandcave:challenges/stack_all_the_blocks	64
Scrape Pottery Sherd	scrape_pottery_sherd	blazeandcave:challenges/all_the_items	1
Sculk	sculk	blazeandcave:challenges/stack_all_the_blocks	64
Sculk Catalyst	sculk_catalyst	blazeandcave:challenges/stack_all_the_blocks	64
Sculk Sensor	sculk_sensor	blazeandcave:challenges/stack_all_the_blocks	64
Sculk Shrieker	sculk_shrieker	blazeandcave:challenges/stack_all_the_blocks	64
Sculk Vein	sculk_vein	blazeandcave:challenges/stack_all_the_blocks	64
Scute	scute	blazeandcave:challenges/stack_all_the_items	64
Sea Lantern	sea_lantern	blazeandcave:challenges/stack_all_the_blocks	64
Sea Pickle	sea_pickle	blazeandcave:challenges/stack_all_the_blocks	64
Seagrass	seagrass	blazeandcave:challenges/stack_all_the_blocks	64
Sentry Armor Trim	sentry_armor_trim	blazeandcave:challenges/all_the_items	1
Shaper Armor Trim	shaper_armor_trim	blazeandcave:challenges/all_the_items	1
Sheaf Pottery Sherd	sheaf_pottery_sherd	blazeandcave:challenges/all_the_items	1
Shears	shears	blazeandcave:challenges/stack_all_the_items	1
Shelter Pottery Sherd	shelter_pottery_sherd	blazeandcave:challenges/all_the_items	1
Shield	shield	blazeandcave:challenges/stack_all_the_items	1
Shroomlight	shroomlight	blazeandcave:challenges/stack_all_the_blocks	64
Shulker Box	shulker_box	blazeandcave:challenges/stack_all_the_blocks	1
Shulker Shell	shulker_shell	blazeandcave:challenges/stack_all_the_items	64
Silence Armor Trim	silence_armor_trim	blazeandcave:challenges/all_the_items	1
Skeleton Skull	skeleton_skull	blazeandcave:challenges/stack_all_the_blocks	64
Skull Banner Pattern	skull_banner_pattern	blazeandcave:challenges/stack_all_the_items	1
Skull Pottery Sherd	skull_pottery_sherd	blazeandcave:challenges/all_the_items	1
Slime Ball	slime_ball	blazeandcave:challenges/stack_all_the_items	64
Slime Block	slime_block	blazeandcave:challenges/stack_all_the_blocks	64
Small Amethyst Bud	small_amethyst_bud	blazeandcave:challenges/stack_all_the_blocks	64
Small Dripleaf	small_dripleaf	blazeandcave:challenges/stack_all_the_blocks	64
Smithing Table	smithing_table	blazeandcave:challenges/stack_all_the_blocks	64
Smithing Template	smithing_template	blazeandcave:challenges/stack_all_the_items	64
Smoker	smoker	blazeandcave:challenges/stack_all_the_blocks	64
Smooth Basalt	smooth_basalt	blazeandcave:challenges/stack_all_the_blocks	64
Smooth Quartz	smooth_quartz	blazeandcave:challenges/stack_all_the_blocks	64
Smooth Quartz Slab	smooth_quartz_slab	blazeandcave:challenges/stack_all_the_blocks	64
Smooth Quartz Stairs	smooth_quartz_stairs	blazeandcave:challenges/stack_all_the_blocks	64
Smooth Red Sandstone	smooth_red_sandstone	blazeandcave:challenges/stack_all_the_blocks	64
Smooth Red Sandstone Slab	smooth_red_sandstone_slab	blazeandcave:challenges/stack_all_the_blocks	64
Smooth Red Sandstone Stairs	smooth_red_sandstone_stairs	blazeandcave:challenges/stack_all_the_blocks	64
Smooth Sandstone	smooth_sandstone	blazeandcave:challenges/stack_all_the_blocks	64
Smooth Sandstone Slab	smooth_sandstone_slab	blazeandcave:challenges/stack_all_the_blocks	64
Smooth Sandstone Stairs	smooth_sandstone_stairs	blazeandcave:challenges/stack_all_the_blocks	64
Smooth Stone	smooth_stone	blazeandcave:challenges/stack_all_the_blocks	64
Smooth Stone Slab	smooth_stone_slab	blazeandcave:challenges/stack_all_the_blocks	64
Sniffer Egg	sniffer_egg	blazeandcave:challenges/stack_all_the_blocks	64
Snort Pottery Sherd	snort_pottery_sherd	blazeandcave:challenges/all_the_items	1
Snout Armor Trim	snout_armor_trim	blazeandcave:challenges/all_the_items	1
Snow	snow	blazeandcave:challenges/stack_all_the_blocks	64
Snow Block	snow_block	blazeandcave:challenges/stack_all_the_blocks	64
Snowball	snowball	blazeandcave:challenges/stack_all_the_items	16
Soul Campfire	soul_campfire	blazeandcave:challenges/stack_all_the_blocks	64
Soul Lantern	soul_lantern	blazeandcave:challenges/stack_all_the_blocks	64
Soul Sand	soul_sand	blazeandcave:challenges/stack_all_the_blocks	64
Soul Soil	soul_soil	blazeandcave:challenges/stack_all_the_blocks	64
Soul Torch	soul_torch	blazeandcave:challenges/stack_all_the_blocks	64
Spectral Arrow	spectral_arrow	blazeandcave:challenges/stack_all_the_items	64
Spider Eye	spider_eye	blazeandcave:challenges/stack_all_the_items	64
Spire Armor Trim	spire_armor_trim	blazeandcave:challenges/all_the_items	1
Splash Potion	splash_potion	blazeandcave:challenges/stack_all_the_items	1
Sponge	sponge	blazeandcave:challenges/stack_all_the_blocks	64
Spore Blossom	spore_blossom	blazeandcave:challenges/stack_all_the_blocks	64
Spruce Boat	spruce_boat	blazeandcave:challenges/stack_all_the_items	1
Spruce Button	spruce_button	blazeandcave:challenges/stack_all_the_blocks	64
Spruce Chest Boat	spruce_chest_boat	blazeandcave:challenges/stack_all_the_items	1
Spruce Door	spruce_door	blazeandcave:challenges/stack_all_the_blocks	64
Spruce Fence	spruce_fence	blazeandcave:challenges/stack_all_the_blocks	64
Spruce Fence Gate	spruce_fence_gate	blazeandcave:challenges/stack_all_the_blocks	64
Spruce Hanging Sign	spruce_hanging_sign	blazeandcave:challenges/stack_all_the_blocks	16
Spruce Leaves	spruce_leaves	blazeandcave:challenges/stack_all_the_blocks	64
Spruce Log	spruce_log	blazeandcave:challenges/stack_all_the_blocks	64
Spruce Planks	spruce_planks	blazeandcave:challenges/stack_all_the_blocks	64
Spruce Pressure Plate	spruce_pressure_plate	blazeandcave:challenges/stack_all_the_blocks	64
Spruce Sapling	spruce_sapling	blazeandcave:challenges/stack_all_the_blocks	64
Spruce Sign	spruce_sign	blazeandcave:challenges/stack_all_the_blocks	16
Spruce Slab	spruce_slab	blazeandcave:challenges/stack_all_the_blocks	64
Spruce Stairs	spruce_stairs	blazeandcave:challenges/stack_all_the_blocks	64
Spruce Trapdoor	spruce_trapdoor	blazeandcave:challenges/stack_all_the_blocks	64
Spruce Wood	spruce_wood	blazeandcave:challenges/stack_all_the_blocks	64
Spyglass	spyglass	blazeandcave:challenges/stack_all_the_items	1
Stick	stick	blazeandcave:challenges/stack_all_the_items	64
Sticky Piston	sticky_piston	blazeandcave:challenges/stack_all_the_blocks	64
Stone	stone	blazeandcave:challenges/stack_all_the_blocks	64
Stone Axe	stone_axe	blazeandcave:challenges/stack_all_the_items	1
Stone Brick Slab	stone_brick_slab	blazeandcave:challenges/stack_all_the_blocks	64
Stone Brick Stairs	stone_brick_stairs	blazeandcave:challenges/stack_all_the_blocks	64
Stone Brick Wall	stone_brick_wall	blazeandcave:challenges/stack_all_the_blocks	64
Stone Bricks	stone_bricks	blazeandcave:challenges/stack_all_the_blocks	64
Stone Button	stone_button	blazeandcave:challenges/stack_all_the_blocks	64
Stone Hoe	stone_hoe	blazeandcave:challenges/stack_all_the_items	1
Stone Pickaxe	stone_pickaxe	blazeandcave:challenges/stack_all_the_items	1
Stone Pressure Plate	stone_pressure_plate	blazeandcave:challenges/stack_all_the_blocks	64
Stone Shovel	stone_shovel	blazeandcave:challenges/stack_all_the_items	1
Stone Slab	stone_slab	blazeandcave:challenges/stack_all_the_blocks	64
Stone Stairs	stone_stairs	blazeandcave:challenges/stack_all_the_blocks	64
Stone Sword	stone_sword	blazeandcave:challenges/stack_all_the_items	1
Stonecutter	stonecutter	blazeandcave:challenges/stack_all_the_blocks	64
String	string	blazeandcave:challenges/stack_all_the_items	64
Stripped Acacia Log	stripped_acacia_log	blazeandcave:challenges/stack_all_the_blocks	64
Stripped Acacia Wood	stripped_acacia_wood	blazeandcave:challenges/stack_all_the_blocks	64
Stripped Bamboo Block	stripped_bamboo_block	blazeandcave:challenges/stack_all_the_blocks	64
Stripped Birch Log	stripped_birch_log	blazeandcave:challenges/stack_all_the_blocks	64
Stripped Birch Wood	stripped_birch_wood	blazeandcave:challenges/stack_all_the_blocks	64
Stripped Cherry Log	stripped_cherry_log	blazeandcave:challenges/stack_all_the_blocks	64
Stripped Cherry Wood	stripped_cherry_wood	blazeandcave:challenges/stack_all_the_blocks	64
Stripped Crimson Hyphae	stripped_crimson_hyphae	blazeandcave:challenges/stack_all_the_blocks	64
Stripped Crimson Stem	stripped_crimson_stem	blazeandcave:challenges/stack_all_the_blocks	64
Stripped Dark Oak Log	stripped_dark_oak_log	blazeandcave:challenges/stack_all_the_blocks	64
Stripped Dark Oak Wood	stripped_dark_oak_wood	blazeandcave:challenges/stack_all_the_blocks	64
Stripped Jungle Log	stripped_jungle_log	blazeandcave:challenges/stack_all_the_blocks	64
Stripped Jungle Wood	stripped_jungle_wood	blazeandcave:challenges/stack_all_the_blocks	64
Stripped Mangrove Log	stripped_mangrove_log	blazeandcave:challenges/stack_all_the_blocks	64
Stripped Mangrove Wood	stripped_mangrove_wood	blazeandcave:challenges/stack_all_the_blocks	64
Stripped Oak Log	stripped_oak_log	blazeandcave:challenges/stack_all_the_blocks	64
Stripped Oak Wood	stripped_oak_wood	blazeandcave:challenges/stack_all_the_blocks	64
Stripped Spruce Log	stripped_spruce_log	blazeandcave:challenges/stack_all_the_blocks	64
Stripped Spruce Wood	stripped_spruce_wood	blazeandcave:challenges/stack_all_the_blocks	64
Stripped Warped Hyphae	stripped_warped_hyphae	blazeandcave:challenges/stack_all_the_blocks	64
Stripped Warped Stem	stripped_warped_stem	blazeandcave:challenges/stack_all_the_blocks	64
Sugar	sugar	blazeandcave:challenges/stack_all_the_items	64
Sugar Cane	sugar_cane	blazeandcave:challenges/stack_all_the_items	64
Sunflower	sunflower	blazeandcave:challenges/stack_all_the_blocks	64
Suspicious Gravel	suspicious_gravel	blazeandcave:challenges/all_the_blocks	1
Suspicious Sand	suspicious_sand	blazeandcave:challenges/all_the_blocks	1
Suspicious Stew	suspicious_stew	blazeandcave:challenges/stack_all_the_items	1
Sweet Berries	sweet_berries	blazeandcave:challenges/stack_all_the_items	64
Tadpole Bucket	tadpole_bucket	blazeandcave:challenges/stack_all_the_items	1
Tall Grass	tall_grass	blazeandcave:challenges/all_the_blocks	1
Target	target	blazeandcave:challenges/stack_all_the_blocks	64
Terracotta	terracotta	blazeandcave:challenges/stack_all_the_blocks	64
Tide Armor Trim	tide_armor_trim	blazeandcave:challenges/all_the_items	1
Tinted Glass	tinted_glass	blazeandcave:challenges/stack_all_the_blocks	64
Tipped Arrow	tipped_arrow	blazeandcave:challenges/stack_all_the_items	64
Tnt	tnt	blazeandcave:challenges/stack_all_the_blocks	64
Tnt Minecart	tnt_minecart	blazeandcave:challenges/stack_all_the_items	1
Torch	torch	blazeandcave:challenges/stack_all_the_blocks	64
Torchflower	torchflower	blazeandcave:challenges/stack_all_the_blocks	64
Torchflower Seeds	torchflower_seeds	blazeandcave:challenges/stack_all_the_items	64
Totem Of Undying	totem_of_undying	blazeandcave:challenges/stack_all_the_items	1
Trapped Chest	trapped_chest	blazeandcave:challenges/stack_all_the_blocks	64
Trial Key	trial_key	blazeandcave:challenges/stack_all_the_items	64
Trident	trident	blazeandcave:challenges/stack_all_the_items	1
Tripwire Hook	tripwire_hook	blazeandcave:challenges/stack_all_the_blocks	64
Tropical Fish	tropical_fish	blazeandcave:challenges/stack_all_the_items	64
Tropical Fish Bucket	tropical_fish_bucket	blazeandcave:challenges/stack_all_the_items	1
Tube Coral	tube_coral	blazeandcave:challenges/stack_all_the_blocks	64
Tube Coral Block	tube_coral_block	blazeandcave:challenges/stack_all_the_blocks	64
Tube Coral Fan	tube_coral_fan	blazeandcave:challenges/stack_all_the_blocks	64
Tuff	tuff	blazeandcave:challenges/stack_all_the_blocks	64
Tuff Brick Slab	tuff_brick_slab	blazeandcave:challenges/stack_all_the_blocks	64
Tuff Brick Stairs	tuff_brick_stairs	blazeandcave:challenges/stack_all_the_blocks	64
Tuff Brick Wall	tuff_brick_wall	blazeandcave:challenges/stack_all_the_blocks	64
Tuff Bricks	tuff_bricks	blazeandcave:challenges/stack_all_the_blocks	64
Tuff Slab	tuff_slab	blazeandcave:challenges/stack_all_the_blocks	64
Tuff Stairs	tuff_stairs	blazeandcave:challenges/stack_all_the_blocks	64
Tuff Wall	tuff_wall	blazeandcave:challenges/stack_all_the_blocks	64
Turtle Egg	turtle_egg	blazeandcave:challenges/stack_all_the_blocks	64
Turtle Helmet	turtle_helmet	blazeandcave:challenges/stack_all_the_items	1
Twisting Vines	twisting_vines	blazeandcave:challenges/stack_all_the_blocks	64
Verdant Froglight	verdant_froglight	blazeandcave:challenges/stack_all_the_blocks	64
Vex Armor Trim	vex_armor_trim	blazeandcave:challenges/all_the_items	1
Vine	vine	blazeandcave:challenges/stack_all_the_blocks	64
Ward Armor Trim	ward_armor_trim	blazeandcave:challenges/all_the_items	1
Warped Button	warped_button	blazeandcave:challenges/stack_all_the_blocks	64
Warped Door	warped_door	blazeandcave:challenges/stack_all_the_blocks	64
Warped Fence	warped_fence	blazeandcave:challenges/stack_all_the_blocks	64
Warped Fence Gate	warped_fence_gate	blazeandcave:challenges/stack_all_the_blocks	64
Warped Fungus	warped_fungus	blazeandcave:challenges/stack_all_the_blocks	64
Warped Fungus On A Stick	warped_fungus_on_a_stick	blazeandcave:challenges/stack_all_the_items	1
Warped Hanging Sign	warped_hanging_sign	blazeandcave:challenges/stack_all_the_blocks	16
Warped Hyphae	warped_hyphae	blazeandcave:challenges/stack_all_the_blocks	64
Warped Nylium	warped_nylium	blazeandcave:challenges/stack_all_the_blocks	64
Warped Planks	warped_planks	blazeandcave:challenges/stack_all_the_blocks	64
Warped Pressure Plate	warped_pressure_plate	blazeandcave:challenges/stack_all_the_blocks	64
Warped Roots	warped_roots	blazeandcave:challenges/stack_all_the_blocks	64
Warped Sign	warped_sign	blazeandcave:challenges/stack_all_the_blocks	16
Warped Slab	warped_slab	blazeandcave:challenges/stack_all_the_blocks	64
Warped Stairs	warped_stairs	blazeandcave:challenges/stack_all_the_blocks	64
Warped Stem	warped_stem	blazeandcave:challenges/stack_all_the_blocks	64
Warped Trapdoor	warped_trapdoor	blazeandcave:challenges/stack_all_the_blocks	64
Warped Wart Block	warped_wart_block	blazeandcave:challenges/stack_all_the_blocks	64
Water Bucket	water_bucket	blazeandcave:challenges/stack_all_the_items	1
Waxed Chiseled Copper	waxed_chiseled_copper	blazeandcave:challenges/stack_all_the_blocks	64
Waxed Copper Block	waxed_copper_block	blazeandcave:challenges/stack_all_the_blocks	64
Waxed Copper Bulb	waxed_copper_bulb	blazeandcave:challenges/stack_all_the_blocks	64
Waxed Copper Door	waxed_copper_door	blazeandcave:challenges/stack_all_the_blocks	64
Waxed Copper Grate	waxed_copper_grate	blazeandcave:challenges/stack_all_the_blocks	64
Waxed Copper Trapdoor	waxed_copper_trapdoor	blazeandcave:challenges/stack_all_the_blocks	64
Waxed Cut Copper	waxed_cut_copper	blazeandcave:challenges/stack_all_the_blocks	64
Waxed Cut Copper Slab	waxed_cut_copper_slab	blazeandcave:challenges/stack_all_the_blocks	64
Waxed Cut Copper Stairs	waxed_cut_copper_stairs	blazeandcave:challenges/stack_all_the_blocks	64
Waxed Exposed Chiseled Copper	waxed_exposed_chiseled_copper	blazeandcave:challenges/stack_all_the_blocks	64
Waxed Exposed Copper	waxed_exposed_copper	blazeandcave:challenges/stack_all_the_blocks	64
Waxed Exposed Copper Bulb	waxed_exposed_copper_bulb	blazeandcave:challenges/stack_all_the_blocks	64
Waxed Exposed Copper Door	waxed_exposed_copper_door	blazeandcave:challenges/stack_all_the_blocks	64
Waxed Exposed Copper Grate	waxed_exposed_copper_grate	blazeandcave:challenges/stack_all_the_blocks	64
Waxed Exposed Copper Trapdoor	waxed_exposed_copper_trapdoor	blazeandcave:challenges/stack_all_the_blocks	64
Waxed Exposed Cut Copper	waxed_exposed_cut_copper	blazeandcave:challenges/stack_all_the_blocks	64
Waxed Exposed Cut Copper Slab	waxed_exposed_cut_copper_slab	blazeandcave:challenges/stack_all_the_blocks	64
Waxed Exposed Cut Copper Stairs	waxed_exposed_cut_copper_stairs	blazeandcave:challenges/stack_all_the_blocks	64
Waxed Oxidized Chiseled Copper	waxed_oxidized_chiseled_copper	blazeandcave:challenges/stack_all_the_blocks	64
Waxed Oxidized Copper	waxed_oxidized_copper	blazeandcave:challenges/stack_all_the_blocks	64
Waxed Oxidized Copper Bulb	waxed_oxidized_copper_bulb	blazeandcave:challenges/stack_all_the_blocks	64
Waxed Oxidized Copper Door	waxed_oxidized_copper_door	blazeandcave:challenges/stack_all_the_blocks	64
Waxed Oxidized Copper Grate	waxed_oxidized_copper_grate	blazeandcave:challenges/stack_all_the_blocks	64
Waxed Oxidized Copper Trapdoor	waxed_oxidized_copper_trapdoor	blazeandcave:challenges/stack_all_the_blocks	64
Waxed Oxidized Cut Copper	waxed_oxidized_cut_copper	blazeandcave:challenges/stack_all_the_blocks	64
Waxed Oxidized Cut Copper Slab	waxed_oxidized_cut_copper_slab	blazeandcave:challenges/stack_all_the_blocks	64
Waxed Oxidized Cut Copper Stairs	waxed_oxidized_cut_copper_stairs	blazeandcave:challenges/stack_all_the_blocks	64
Waxed Weathered Chiseled Copper	waxed_weathered_chiseled_copper	blazeandcave:challenges/stack_all_the_blocks	64
Waxed Weathered Copper	waxed_weathered_copper	blazeandcave:challenges/stack_all_the_blocks	64
Waxed Weathered Copper Bulb	waxed_weathered_copper_bulb	blazeandcave:challenges/stack_all_the_blocks	64
Waxed Weathered Copper Door	waxed_weathered_copper_door	blazeandcave:challenges/stack_all_the_blocks	64
Waxed Weathered Copper Grate	waxed_weathered_copper_grate	blazeandcave:challenges/stack_all_the_blocks	64
Waxed Weathered Copper Trapdoor	waxed_weathered_copper_trapdoor	blazeandcave:challenges/stack_all_the_blocks	64
Waxed Weathered Cut Copper	waxed_weathered_cut_copper	blazeandcave:challenges/stack_all_the_blocks	64
Waxed Weathered Cut Copper Slab	waxed_weathered_cut_copper_slab	blazeandcave:challenges/stack_all_the_blocks	64
Waxed Weathered Cut Copper Stairs	waxed_weathered_cut_copper_stairs	blazeandcave:challenges/stack_all_the_blocks	64
Wayfinder Armor Trim	wayfinder_armor_trim	blazeandcave:challenges/all_the_items	1
Weathered Chiseled Copper	weathered_chiseled_copper	blazeandcave:challenges/stack_all_the_blocks	64
Weathered Copper	weathered_copper	blazeandcave:challenges/stack_all_the_blocks	64
Weathered Copper Bulb	weathered_copper_bulb	blazeandcave:challenges/stack_all_the_blocks	64
Weathered Copper Door	weathered_copper_door	blazeandcave:challenges/stack_all_the_blocks	64
Weathered Copper Grate	weathered_copper_grate	blazeandcave:challenges/stack_all_the_blocks	64
Weathered Copper Trapdoor	weathered_copper_trapdoor	blazeandcave:challenges/stack_all_the_blocks	64
Weathered Cut Copper	weathered_cut_copper	blazeandcave:challenges/stack_all_the_blocks	64
Weathered Cut Copper Slab	weathered_cut_copper_slab	blazeandcave:challenges/stack_all_the_blocks	64
Weathered Cut Copper Stairs	weathered_cut_copper_stairs	blazeandcave:challenges/stack_all_the_blocks	64
Weeping Vines	weeping_vines	blazeandcave:challenges/stack_all_the_blocks	64
Wet Sponge	wet_sponge	blazeandcave:challenges/stack_all_the_blocks	64
Wheat	wheat	blazeandcave:challenges/stack_all_the_items	64
Wheat Seeds	wheat_seeds	blazeandcave:challenges/stack_all_the_items	64
White Banner	white_banner	blazeandcave:challenges/stack_all_the_blocks	16
White Bed	white_bed	blazeandcave:challenges/stack_all_the_blocks	1
White Candle	white_candle	blazeandcave:challenges/stack_all_the_blocks	64
White Carpet	white_carpet	blazeandcave:challenges/stack_all_the_blocks	64
White Concrete	white_concrete	blazeandcave:challenges/stack_all_the_blocks	64
White Concrete Powder	white_concrete_powder	blazeandcave:challenges/stack_all_the_blocks	64
White Dye	white_dye	blazeandcave:challenges/stack_all_the_items	64
White Glazed Terracotta	white_glazed_terracotta	blazeandcave:challenges/stack_all_the_blocks	64
White Shulker Box	white_shulker_box	blazeandcave:challenges/stack_all_the_blocks	1
White Stained Glass	white_stained_glass	blazeandcave:challenges/stack_all_the_blocks	64
White Stained Glass Pane	white_stained_glass_pane	blazeandcave:challenges/stack_all_the_blocks	64
White Terracotta	white_terracotta	blazeandcave:challenges/stack_all_the_blocks	64
White Tulip	white_tulip	blazeandcave:challenges/stack_all_the_blocks	64
White Wool	white_wool	blazeandcave:challenges/stack_all_the_blocks	64
Wild Armor Trim	wild_armor_trim	blazeandcave:challenges/all_the_items	1
Wind Charge	wind_charge	blazeandcave:challenges/stack_all_the_items	64
Wither Rose	wither_rose	blazeandcave:challenges/stack_all_the_blocks	64
Wither Skeleton Skull	wither_skeleton_skull	blazeandcave:challenges/stack_all_the_blocks	64
Wolf Armor	wolf_armor	blazeandcave:challenges/stack_all_the_items	1
Wooden Axe	wooden_axe	blazeandcave:challenges/stack_all_the_items	1
Wooden Hoe	wooden_hoe	blazeandcave:challenges/stack_all_the_items	1
Wooden Pickaxe	wooden_pickaxe	blazeandcave:challenges/stack_all_the_items	1
Wooden Shovel	wooden_shovel	blazeandcave:challenges/stack_all_the_items	1
Wooden Sword	wooden_sword	blazeandcave:challenges/stack_all_the_items	1
Writable Book	writable_book	blazeandcave:challenges/stack_all_the_items	1
Written Book	written_book	blazeandcave:challenges/stack_all_the_items	16
Yellow Banner	yellow_banner	blazeandcave:challenges/stack_all_the_blocks	16
Yellow Bed	yellow_bed	blazeandcave:challenges/stack_all_the_blocks	1
Yellow Candle	yellow_candle	blazeandcave:challenges/stack_all_the_blocks	64
Yellow Carpet	yellow_carpet	blazeandcave:challenges/stack_all_the_blocks	64
Yellow Concrete	yellow_concrete	blazeandcave:challenges/stack_all_the_blocks	64
Yellow Concrete Powder	yellow_concrete_powder	blazeandcave:challenges/stack_all_the_blocks	64
Yellow Dye	yellow_dye	blazeandcave:challenges/stack_all_the_items	64
Yellow Glazed Terracotta	yellow_glazed_terracotta	blazeandcave:challenges/stack_all_the_blocks	64
Yellow Shulker Box	yellow_shulker_box	blazeandcave:challenges/stack_all_the_blocks	1
Yellow Stained Glass	yellow_stained_glass	blazeandcave:challenges/stack_all_the_blocks	64
Yellow Stained Glass Pane	yellow_stained_glass_pane	blazeandcave:challenges/stack_all_the_blocks	64
Yellow Terracotta	yellow_terracotta	blazeandcave:challenges/stack_all_the_blocks	64
Yellow Wool	yellow_wool	blazeandcave:challenges/stack_all_the_blocks	64
Zombie Head	zombie_head	blazeandcave:challenges/stack_all_the_blocks	64
